{
    "objects": [
        {
            "attributes": {
                "description": "",
                "kibanaSavedObjectMeta": {
                    "searchSourceJSON": "{\"filter\": []}"
                },
                "savedSearchId": "Filebeat-MySQL-Slow-log-ecs",
                "title": "Top slowest queries [Filebeat MySQL] ECS",
                "uiStateJSON": "{\"vis\": {\"params\": {\"sort\": {\"columnIndex\": null, \"direction\": null}}}}",
                "version": 1,
                "visState": "{\"aggs\": [{\"type\": \"max\", \"id\": \"1\", \"schema\": \"metric\", \"params\": {\"customLabel\": \"Query time\", \"field\": \"event.duration\"}, \"enabled\": true}, {\"type\": \"terms\", \"id\": \"2\", \"schema\": \"bucket\", \"params\": {\"order\": \"desc\", \"customLabel\": \"Query\", \"orderBy\": \"1\", \"field\": \"mysql.slowlog.query\", \"size\": 5}, \"enabled\": true}, {\"type\": \"terms\", \"id\": \"3\", \"schema\": \"bucket\", \"params\": {\"order\": \"desc\", \"customLabel\": \"User\", \"orderBy\": \"1\", \"field\": \"user.name\", \"size\": 5}, \"enabled\": true}], \"type\": \"table\", \"params\": {\"sort\": {\"columnIndex\": null, \"direction\": null}, \"showMeticsAtAllLevels\": false, \"showTotal\": false, \"totalFunc\": \"sum\", \"showPartialRows\": false, \"perPage\": 10}, \"title\": \"Top slowest queries [Filebeat MySQL] ECS\"}"
            },
            "id": "MySQL-slowest-queries-ecs",
            "type": "visualization",
            "version": 1
        },
        {
            "attributes": {
                "description": "",
                "kibanaSavedObjectMeta": {
                    "searchSourceJSON": "{\"filter\": []}"
                },
                "savedSearchId": "Filebeat-MySQL-Slow-log-ecs",
                "title": "Slow queries over time [Filebeat MySQL] ECS",
                "uiStateJSON": "{\"vis\": {\"colors\": {\"Slow queries\": \"#EF843C\"}}}",
                "version": 1,
                "visState": "{\"aggs\": [{\"type\": \"count\", \"id\": \"1\", \"schema\": \"metric\", \"params\": {\"customLabel\": \"Slow queries\"}, \"enabled\": true}, {\"type\": \"date_histogram\", \"id\": \"2\", \"schema\": \"segment\", \"params\": {\"customInterval\": \"2h\", \"interval\": \"auto\", \"min_doc_count\": 1, \"field\": \"@timestamp\", \"extended_bounds\": {}}, \"enabled\": true}], \"type\": \"histogram\", \"params\": {\"scale\": \"linear\", \"yAxis\": {}, \"seriesParams\": [{\"valueAxis\": \"ValueAxis-1\", \"drawLinesBetweenPoints\": true, \"mode\": \"stacked\", \"showCircles\": true, \"show\": \"true\", \"data\": {\"id\": \"1\", \"label\": \"Slow queries\"}, \"type\": \"histogram\"}], \"legendPosition\": \"right\", \"addTimeMarker\": false, \"type\": \"histogram\", \"grid\": {\"style\": {\"color\": \"#eee\"}, \"categoryLines\": false}, \"mode\": \"stacked\", \"shareYAxis\": true, \"defaultYExtents\": false, \"addTooltip\": true, \"categoryAxes\": [{\"scale\": {\"type\": \"linear\"}, \"id\": \"CategoryAxis-1\", \"position\": \"bottom\", \"style\": {}, \"show\": true, \"labels\": {\"show\": true, \"truncate\": 100}, \"type\": \"category\", \"title\": {\"text\": \"@timestamp per 30 seconds\"}}], \"setYExtents\": false, \"valueAxes\": [{\"scale\": {\"mode\": \"normal\", \"type\": \"linear\"}, \"id\": \"ValueAxis-1\", \"position\": \"left\", \"style\": {}, \"show\": true, \"name\": \"LeftAxis-1\", \"labels\": {\"show\": true, \"truncate\": 100, \"rotate\": 0, \"filter\": false}, \"type\": \"value\", \"title\": {\"text\": \"Slow queries\"}}], \"addLegend\": true, \"times\": []}, \"title\": \"Slow queries over time [Filebeat MySQL] ECS\"}"
            },
            "id": "MySQL-Slow-queries-over-time-ecs",
            "type": "visualization",
            "version": 1
        },
        {
            "attributes": {
                "description": "",
                "kibanaSavedObjectMeta": {
                    "searchSourceJSON": "{\"filter\": []}"
                },
                "savedSearchId": "Filebeat-MySQL-error-log-ecs",
                "title": "Error logs over time [Filebeat MySQL] ECS",
                "uiStateJSON": "{\"vis\": {\"colors\": {\"Error logs\": \"#1F78C1\", \"Count\": \"#447EBC\"}}}",
                "version": 1,
                "visState": "{\"aggs\": [{\"type\": \"count\", \"id\": \"1\", \"schema\": \"metric\", \"params\": {\"customLabel\": \"Error logs\"}, \"enabled\": true}, {\"type\": \"date_histogram\", \"id\": \"2\", \"schema\": \"segment\", \"params\": {\"customInterval\": \"2h\", \"interval\": \"auto\", \"min_doc_count\": 1, \"field\": \"@timestamp\", \"extended_bounds\": {}}, \"enabled\": true}], \"type\": \"histogram\", \"params\": {\"scale\": \"linear\", \"yAxis\": {}, \"seriesParams\": [{\"valueAxis\": \"ValueAxis-1\", \"drawLinesBetweenPoints\": true, \"mode\": \"stacked\", \"showCircles\": true, \"show\": \"true\", \"data\": {\"id\": \"1\", \"label\": \"Error logs\"}, \"type\": \"histogram\"}], \"legendPosition\": \"right\", \"addTimeMarker\": false, \"type\": \"histogram\", \"grid\": {\"style\": {\"color\": \"#eee\"}, \"categoryLines\": false}, \"mode\": \"stacked\", \"shareYAxis\": true, \"defaultYExtents\": false, \"addTooltip\": true, \"categoryAxes\": [{\"scale\": {\"type\": \"linear\"}, \"id\": \"CategoryAxis-1\", \"position\": \"bottom\", \"style\": {}, \"show\": true, \"labels\": {\"show\": true, \"truncate\": 100}, \"type\": \"category\", \"title\": {\"text\": \"@timestamp per 30 seconds\"}}], \"setYExtents\": false, \"valueAxes\": [{\"scale\": {\"mode\": \"normal\", \"type\": \"linear\"}, \"id\": \"ValueAxis-1\", \"position\": \"left\", \"style\": {}, \"show\": true, \"name\": \"LeftAxis-1\", \"labels\": {\"show\": true, \"truncate\": 100, \"rotate\": 0, \"filter\": false}, \"type\": \"value\", \"title\": {\"text\": \"Error logs\"}}], \"addLegend\": true, \"times\": []}, \"title\": \"Error logs over time [Filebeat MySQL] ECS\"}"
            },
            "id": "MySQL-error-logs-ecs",
            "type": "visualization",
            "version": 1
        },
        {
            "attributes": {
                "columns": [
                    "log.level",
                    "message"
                ],
                "description": "",
                "hits": 0,
                "kibanaSavedObjectMeta": {
                    "searchSourceJSON": "{\"filter\": [{\"query\": {\"match\": {\"event.module\": {\"query\": \"mysql\", \"type\": \"phrase\"}}}, \"meta\": {\"disabled\": false, \"value\": \"mysql\", \"negate\": false, \"params\": {\"query\": \"mysql\", \"type\": \"phrase\"}, \"key\": \"event.module\", \"index\": \"filebeat-*\", \"type\": \"phrase\", \"alias\": null}, \"$state\": {\"store\": \"appState\"}}, {\"query\": {\"match\": {\"fileset.name\": {\"query\": \"error\", \"type\": \"phrase\"}}}, \"meta\": {\"disabled\": false, \"value\": \"error\", \"negate\": false, \"params\": {\"query\": \"error\", \"type\": \"phrase\"}, \"key\": \"fileset.name\", \"index\": \"filebeat-*\", \"type\": \"phrase\", \"alias\": null}, \"$state\": {\"store\": \"appState\"}}], \"highlightAll\": true, \"query\": {\"query\": \"\", \"language\": \"kuery\"}, \"highlight\": {\"fragment_size\": 2147483647, \"fields\": {\"*\": {}}, \"require_field_match\": false, \"pre_tags\": [\"@kibana-highlighted-field@\"], \"post_tags\": [\"@/kibana-highlighted-field@\"]}, \"index\": \"filebeat-*\", \"version\": true}"
                },
                "sort": [
                    "@timestamp",
                    "desc"
                ],
                "title": "Error logs [Filebeat MySQL] ECS",
                "version": 1
            },
            "id": "Filebeat-MySQL-error-log-ecs",
            "type": "search",
            "version": 1
        },
        {
            "attributes": {
                "description": "",
                "kibanaSavedObjectMeta": {
                    "searchSourceJSON": "{\"filter\": []}"
                },
                "savedSearchId": "Filebeat-MySQL-error-log-ecs",
                "title": "Error logs levels breakdown [Filebeat MySQL] ECS",
                "uiStateJSON": "{\"vis\": {\"colors\": {\"Warning\": \"#F9934E\", \"Note\": \"#9AC48A\", \"ERROR\": \"#E24D42\"}}}",
                "version": 1,
                "visState": "{\"aggs\": [{\"type\": \"count\", \"id\": \"1\", \"schema\": \"metric\", \"params\": {}, \"enabled\": true}, {\"type\": \"terms\", \"id\": \"2\", \"schema\": \"segment\", \"params\": {\"order\": \"desc\", \"orderBy\": \"1\", \"field\": \"log.level\", \"size\": 5}, \"enabled\": true}], \"type\": \"pie\", \"params\": {\"isDonut\": false, \"addLegend\": true, \"shareYAxis\": true, \"addTooltip\": true, \"legendPosition\": \"bottom\", \"type\": \"pie\"}, \"title\": \"Error logs levels breakdown [Filebeat MySQL] ECS\"}"
            },
            "id": "MySQL-Error-logs-levels-ecs",
            "type": "visualization",
            "version": 1
        },
        {
            "attributes": {
                "description": "",
                "kibanaSavedObjectMeta": {
                    "searchSourceJSON": "{\"filter\": []}"
                },
                "savedSearchId": "Filebeat-MySQL-Slow-log-ecs",
                "title": "Slow logs breakdown [Filebeat MySQL] ECS",
                "uiStateJSON": "{}",
                "version": 1,
                "visState": "{\"aggs\": [{\"type\": \"count\", \"id\": \"1\", \"schema\": \"metric\", \"params\": {}, \"enabled\": true}, {\"type\": \"terms\", \"id\": \"2\", \"schema\": \"segment\", \"params\": {\"order\": \"desc\", \"orderBy\": \"1\", \"field\": \"mysql.slowlog.query\", \"size\": 5}, \"enabled\": true}], \"type\": \"pie\", \"params\": {\"isDonut\": false, \"addLegend\": true, \"shareYAxis\": true, \"addTooltip\": true, \"legendPosition\": \"bottom\", \"type\": \"pie\"}, \"title\": \"Slow logs breakdown [Filebeat MySQL] ECS\"}"
            },
            "id": "MySQL-Slow-logs-by-count-ecs",
            "type": "visualization",
            "version": 1
        },
        {
            "attributes": {
                "columns": [
                    "_source"
                ],
                "description": "",
                "hits": 0,
                "kibanaSavedObjectMeta": {
                    "searchSourceJSON": "{\"filter\": [{\"query\": {\"match\": {\"event.module\": {\"query\": \"mysql\", \"type\": \"phrase\"}}}, \"meta\": {\"disabled\": false, \"value\": \"mysql\", \"negate\": false, \"params\": {\"query\": \"mysql\", \"type\": \"phrase\"}, \"key\": \"event.module\", \"index\": \"filebeat-*\", \"type\": \"phrase\", \"alias\": null}, \"$state\": {\"store\": \"appState\"}}, {\"query\": {\"match\": {\"fileset.name\": {\"query\": \"slowlog\", \"type\": \"phrase\"}}}, \"meta\": {\"disabled\": false, \"value\": \"slowlog\", \"negate\": false, \"params\": {\"query\": \"slowlog\", \"type\": \"phrase\"}, \"key\": \"fileset.name\", \"index\": \"filebeat-*\", \"type\": \"phrase\", \"alias\": null}, \"$state\": {\"store\": \"appState\"}}], \"highlightAll\": true, \"query\": {\"query\": \"\", \"language\": \"kuery\"}, \"highlight\": {\"fragment_size\": 2147483647, \"fields\": {\"*\": {}}, \"require_field_match\": false, \"pre_tags\": [\"@kibana-highlighted-field@\"], \"post_tags\": [\"@/kibana-highlighted-field@\"]}, \"index\": \"filebeat-*\", \"version\": true}"
                },
                "sort": [
                    "@timestamp",
                    "desc"
                ],
                "title": "Slow logs [Filebeat MySQL] ECS",
                "version": 1
            },
            "id": "Filebeat-MySQL-Slow-log-ecs",
            "type": "search",
            "version": 1
        },
        {
            "attributes": {
                "description": "Overview dashboard for the Filebeat MySQL module",
                "hits": 0,
                "kibanaSavedObjectMeta": {
                    "searchSourceJSON": "{\"query\": {\"query\": \"\", \"language\": \"kuery\"}, \"filter\": [], \"highlightAll\": true, \"version\": true}"
                },
                "optionsJSON": "{\"darkTheme\": false}",
                "panelsJSON": "[{\"size_x\": 6, \"id\": \"MySQL-slowest-queries-ecs\", \"col\": 1, \"row\": 8, \"size_y\": 4, \"panelIndex\": 1, \"type\": \"visualization\"}, {\"size_x\": 6, \"id\": \"MySQL-Slow-queries-over-time-ecs\", \"col\": 1, \"row\": 1, \"size_y\": 3, \"panelIndex\": 2, \"type\": \"visualization\"}, {\"size_x\": 6, \"id\": \"MySQL-error-logs-ecs\", \"col\": 7, \"row\": 1, \"size_y\": 3, \"panelIndex\": 3, \"type\": \"visualization\"}, {\"sort\": [\"@timestamp\", \"desc\"], \"size_x\": 6, \"id\": \"Filebeat-MySQL-error-log-ecs\", \"col\": 7, \"row\": 8, \"columns\": [\"log.level\", \"message\"], \"size_y\": 5, \"panelIndex\": 4, \"type\": \"search\"}, {\"size_x\": 6, \"id\": \"MySQL-Error-logs-levels-ecs\", \"col\": 7, \"row\": 4, \"size_y\": 4, \"panelIndex\": 5, \"type\": \"visualization\"}, {\"size_x\": 6, \"id\": \"MySQL-Slow-logs-by-count-ecs\", \"col\": 1, \"row\": 4, \"size_y\": 4, \"panelIndex\": 6, \"type\": \"visualization\"}]",
                "timeRestore": false,
                "title": "[Filebeat MySQL] Overview ECS",
                "uiStateJSON": "{\"P-1\": {\"vis\": {\"params\": {\"sort\": {\"columnIndex\": null, \"direction\": null}}}}}",
                "version": 1
            },
            "id": "Filebeat-MySQL-Dashboard-ecs",
            "type": "dashboard",
            "version": 2
        }
    ],
    "version": "6.0.0-beta1-SNAPSHOT"
}