{
    "objects": [
        {
            "attributes": {
                "description": "",
                "kibanaSavedObjectMeta": {
                    "searchSourceJSON": "{\"query\": {\"query\": \"\", \"language\": \"kuery\"}, \"index\": \"filebeat-*\", \"filter\": []}"
                },
                "title": "Browsers breakdown [Filebeat Nginx] ECS",
                "uiStateJSON": "{}",
                "version": 1,
                "visState": "{\"aggs\": [{\"type\": \"count\", \"id\": \"1\", \"schema\": \"metric\", \"params\": {}, \"enabled\": true}, {\"type\": \"terms\", \"id\": \"2\", \"schema\": \"segment\", \"params\": {\"order\": \"desc\", \"orderBy\": \"1\", \"field\": \"user_agent.name\", \"size\": 5}, \"enabled\": true}, {\"type\": \"terms\", \"id\": \"3\", \"schema\": \"segment\", \"params\": {\"order\": \"desc\", \"orderBy\": \"1\", \"field\": \"user_agent.version\", \"size\": 5}, \"enabled\": true}], \"listeners\": {}, \"type\": \"pie\", \"params\": {\"legendPosition\": \"bottom\", \"addTooltip\": true, \"addLegend\": true, \"shareYAxis\": true, \"isDonut\": true}, \"title\": \"Nginx Access Browsers ECS\"}"
            },
            "id": "Nginx-Access-Browsers-ecs",
            "type": "visualization",
            "version": 1
        },
        {
            "attributes": {
                "description": "",
                "kibanaSavedObjectMeta": {
                    "searchSourceJSON": "{\"query\": {\"query\": \"\", \"language\": \"kuery\"}, \"index\": \"filebeat-*\", \"filter\": []}"
                },
                "title": "Operating systems breakdown [Filebeat Nginx] ECS",
                "uiStateJSON": "{}",
                "version": 1,
                "visState": "{\"aggs\": [{\"type\": \"count\", \"id\": \"1\", \"schema\": \"metric\", \"params\": {}, \"enabled\": true}, {\"type\": \"terms\", \"id\": \"2\", \"schema\": \"segment\", \"params\": {\"order\": \"desc\", \"orderBy\": \"1\", \"field\": \"user_agent.os.name\", \"size\": 5}, \"enabled\": true}, {\"type\": \"terms\", \"id\": \"3\", \"schema\": \"segment\", \"params\": {\"order\": \"desc\", \"orderBy\": \"1\", \"field\": \"user_agent.os.version\", \"size\": 5}, \"enabled\": true}], \"listeners\": {}, \"type\": \"pie\", \"params\": {\"legendPosition\": \"bottom\", \"addTooltip\": true, \"addLegend\": true, \"shareYAxis\": true, \"isDonut\": true}, \"title\": \"Nginx Access OSes ECS\"}"
            },
            "id": "Nginx-Access-OSes-ecs",
            "type": "visualization",
            "version": 1
        },
        {
            "attributes": {
                "description": "",
                "kibanaSavedObjectMeta": {
                    "searchSourceJSON": "{\"filter\": []}"
                },
                "savedSearchId": "Filebeat-Nginx-module-ecs",
                "title": "Access Map [Filebeat Nginx] ECS",
                "uiStateJSON": "{\"mapCenter\": [12.039320557540572, -0.17578125]}",
                "version": 1,
                "visState": "{\"aggs\": [{\"type\": \"count\", \"id\": \"1\", \"schema\": \"metric\", \"params\": {}, \"enabled\": true}, {\"type\": \"geohash_grid\", \"id\": \"2\", \"schema\": \"segment\", \"params\": {\"field\": \"source.geo.location\", \"autoPrecision\": true}, \"enabled\": true}], \"listeners\": {}, \"type\": \"tile_map\", \"params\": {\"heatMaxZoom\": 16, \"heatMinOpacity\": 0.1, \"mapCenter\": [15, 5], \"mapZoom\": 2, \"isDesaturated\": true, \"wms\": {\"options\": {\"version\": \"1.3.0\", \"layers\": \"0\", \"format\": \"image/png\", \"transparent\": true, \"attribution\": \"Maps provided by USGS\", \"styles\": \"\"}, \"url\": \"https://basemap.nationalmap.gov/arcgis/services/USGSTopo/MapServer/WMSServer\", \"enabled\": false}, \"addTooltip\": true, \"heatRadius\": 25, \"heatBlur\": 15, \"legendPosition\": \"bottomright\", \"heatNormalizeData\": true, \"mapType\": \"Scaled Circle Markers\"}, \"title\": \"Nginx Access Map ECS\"}"
            },
            "id": "Nginx-Access-Map-ecs",
            "type": "visualization",
            "version": 1
        },
        {
            "attributes": {
                "description": "",
                "kibanaSavedObjectMeta": {
                    "searchSourceJSON": "{}"
                },
                "title": "Response codes over time [Filebeat Nginx] ECS",
                "uiStateJSON": "{}",
                "version": 1,
                "visState": "{\"aggs\": [], \"type\": \"metrics\", \"params\": {\"show_grid\": 1, \"time_field\": \"@timestamp\", \"filter\": \"event.module:nginx AND fileset.name:access\", \"legend_position\": \"bottom\", \"interval\": \"auto\", \"show_legend\": 1, \"id\": \"61ca57f0-469d-11e7-af02-69e470af7417\", \"index_pattern\": \"filebeat-*\", \"series\": [{\"seperate_axis\": 0, \"terms_field\": \"http.response.status_code\", \"label\": \"\", \"formatter\": \"number\", \"chart_type\": \"bar\", \"fill\": 0.5, \"split_filters\": [{\"filter\": \"http.response.status_code:[200 TO 299]\", \"id\": \"5acdc750-a29d-11e7-a062-a1c3587f4874\", \"color\": \"#68BC00\", \"label\": \"200s\"}, {\"filter\": \"http.response.status_code:[300 TO 399]\", \"id\": \"6efd2ae0-a29d-11e7-a062-a1c3587f4874\", \"color\": \"rgba(252,196,0,1)\", \"label\": \"300s\"}, {\"filter\": \"http.response.status_code:[400 TO 499]\", \"id\": \"76089a90-a29d-11e7-a062-a1c3587f4874\", \"color\": \"rgba(211,49,21,1)\", \"label\": \"400s\"}, {\"filter\": \"http.response.status_code:[500 TO 599]\", \"id\": \"7c7929d0-a29d-11e7-a062-a1c3587f4874\", \"color\": \"rgba(171,20,158,1)\", \"label\": \"500s\"}], \"id\": \"61ca57f1-469d-11e7-af02-69e470af7417\", \"color\": \"#68BC00\", \"split_mode\": \"filters\", \"point_size\": 1, \"metrics\": [{\"id\": \"61ca57f2-469d-11e7-af02-69e470af7417\", \"type\": \"count\"}], \"stacked\": \"stacked\", \"terms_order_by\": \"61ca57f2-469d-11e7-af02-69e470af7417\", \"axis_position\": \"right\", \"line_width\": 1}], \"axis_formatter\": \"number\", \"type\": \"timeseries\", \"axis_position\": \"left\"}, \"title\": \"Response codes over time [Filebeat Nginx] ECS\"}"
            },
            "id": "b70b1b20-a1f4-11e7-928f-5dbe6f6f5519-ecs",
            "type": "visualization",
            "version": 7
        },
        {
            "attributes": {
                "description": "",
                "kibanaSavedObjectMeta": {
                    "searchSourceJSON": "{}"
                },
                "title": "Top pages [Filebeat Nginx] ECS",
                "uiStateJSON": "{}",
                "version": 1,
                "visState": "{\"aggs\": [], \"type\": \"metrics\", \"params\": {\"show_grid\": 1, \"time_field\": \"@timestamp\", \"filter\": \"event.module:nginx AND fileset.name:access\", \"interval\": \"auto\", \"bar_color_rules\": [{\"id\": \"6252c320-a1f5-11e7-92ba-5d0b8663aece\"}], \"show_legend\": 1, \"id\": \"61ca57f0-469d-11e7-af02-69e470af7417\", \"axis_position\": \"left\", \"series\": [{\"seperate_axis\": 0, \"value_template\": \"\", \"terms_field\": \"url.original\", \"split_mode\": \"terms\", \"chart_type\": \"line\", \"fill\": 0.5, \"id\": \"61ca57f1-469d-11e7-af02-69e470af7417\", \"color\": \"#68BC00\", \"formatter\": \"number\", \"point_size\": 1, \"metrics\": [{\"id\": \"61ca57f2-469d-11e7-af02-69e470af7417\", \"type\": \"count\"}], \"stacked\": \"none\", \"terms_order_by\": \"61ca57f2-469d-11e7-af02-69e470af7417\", \"axis_position\": \"right\", \"line_width\": 1}], \"axis_formatter\": \"number\", \"type\": \"top_n\", \"index_pattern\": \"filebeat-*\"}, \"title\": \"Top pages [Filebeat Nginx] ECS\"}"
            },
            "id": "9184fa00-a1f5-11e7-928f-5dbe6f6f5519-ecs",
            "type": "visualization",
            "version": 3
        },
        {
            "attributes": {
                "description": "",
                "kibanaSavedObjectMeta": {
                    "searchSourceJSON": "{}"
                },
                "title": "Errors over time [Filebeat Nginx] ECS",
                "uiStateJSON": "{}",
                "version": 1,
                "visState": "{\"aggs\": [], \"type\": \"metrics\", \"params\": {\"show_grid\": 1, \"time_field\": \"@timestamp\", \"filter\": \"event.module:nginx AND fileset.name:error\", \"legend_position\": \"bottom\", \"interval\": \"auto\", \"show_legend\": 1, \"id\": \"61ca57f0-469d-11e7-af02-69e470af7417\", \"index_pattern\": \"filebeat-*\", \"series\": [{\"seperate_axis\": 0, \"terms_field\": \"log.level\", \"split_mode\": \"terms\", \"chart_type\": \"bar\", \"fill\": 0.5, \"id\": \"61ca57f1-469d-11e7-af02-69e470af7417\", \"color\": \"rgba(211,49,21,1)\", \"formatter\": \"number\", \"point_size\": 1, \"metrics\": [{\"id\": \"61ca57f2-469d-11e7-af02-69e470af7417\", \"type\": \"count\"}], \"stacked\": \"none\", \"terms_order_by\": \"61ca57f2-469d-11e7-af02-69e470af7417\", \"axis_position\": \"right\", \"line_width\": 1}], \"axis_formatter\": \"number\", \"type\": \"timeseries\", \"axis_position\": \"left\"}, \"title\": \"Errors over time [Filebeat Nginx] ECS\"}"
            },
            "id": "46322e50-a1f6-11e7-928f-5dbe6f6f5519-ecs",
            "type": "visualization",
            "version": 5
        },
        {
            "attributes": {
                "description": "",
                "kibanaSavedObjectMeta": {
                    "searchSourceJSON": "{}"
                },
                "title": "Data Volume [Filebeat Nginx] ECS",
                "uiStateJSON": "{}",
                "version": 1,
                "visState": "{\"aggs\": [], \"type\": \"metrics\", \"params\": {\"show_grid\": 1, \"time_field\": \"@timestamp\", \"filter\": \"event.module: nginx AND fileset.name: access\", \"legend_position\": \"bottom\", \"interval\": \"auto\", \"show_legend\": 1, \"id\": \"61ca57f0-469d-11e7-af02-69e470af7417\", \"index_pattern\": \"filebeat-*\", \"series\": [{\"seperate_axis\": 0, \"terms_field\": null, \"label\": \"\", \"formatter\": \"bytes\", \"chart_type\": \"line\", \"fill\": 0.5, \"split_filters\": [{\"filter\": \"http.response.status_code:[200 TO 299]\", \"id\": \"7c343c20-a29e-11e7-a062-a1c3587f4874\", \"color\": \"#68BC00\", \"label\": \"200s\"}], \"id\": \"61ca57f1-469d-11e7-af02-69e470af7417\", \"color\": \"#68BC00\", \"split_mode\": \"everything\", \"point_size\": 1, \"metrics\": [{\"id\": \"61ca57f2-469d-11e7-af02-69e470af7417\", \"field\": \"http.response.body.bytes\", \"type\": \"sum\"}], \"stacked\": \"none\", \"axis_position\": \"right\", \"line_width\": 1}], \"axis_formatter\": \"number\", \"type\": \"timeseries\", \"axis_position\": \"left\"}, \"title\": \"Data Volume [Filebeat Nginx] ECS\"}"
            },
            "id": "0dd6f320-a29f-11e7-928f-5dbe6f6f5519-ecs",
            "type": "visualization",
            "version": 2
        },
        {
            "attributes": {
                "description": "",
                "kibanaSavedObjectMeta": {
                    "searchSourceJSON": "{}"
                },
                "title": "Dashboards [Filebeat Nginx] ECS",
                "uiStateJSON": "{}",
                "version": 1,
                "visState": "{\"aggs\": [], \"type\": \"markdown\", \"params\": {\"fontSize\": 12, \"markdown\": \"[Nginx logs overview](#/dashboard/55a9e6e0-a29e-11e7-928f-5dbe6f6f5519-ecs) | [Nginx access and error logs](#/dashboard/046212a0-a2a1-11e7-928f-5dbe6f6f5519-ecs)\"}, \"title\": \"Dashboards [Filebeat Nginx] ECS\"}"
            },
            "id": "97109780-a2a5-11e7-928f-5dbe6f6f5519-ecs",
            "type": "visualization",
            "version": 1
        },
        {
            "attributes": {
                "columns": [
                    "url.original",
                    "http.request.method",
                    "http.response.status_code",
                    "http.request.referrer",
                    "http.response.body.bytes"
                ],
                "description": "",
                "hits": 0,
                "kibanaSavedObjectMeta": {
                    "searchSourceJSON": "{\"filter\": [], \"highlightAll\": true, \"query\": {\"query\": \"event.module:nginx\", \"language\": \"kuery\"}, \"highlight\": {\"fragment_size\": 2147483647, \"fields\": {\"*\": {}}, \"require_field_match\": false, \"pre_tags\": [\"@kibana-highlighted-field@\"], \"post_tags\": [\"@/kibana-highlighted-field@\"]}, \"index\": \"filebeat-*\", \"version\": true}"
                },
                "sort": [
                    "@timestamp",
                    "desc"
                ],
                "title": "Nginx logs [Filebeat Nginx] ECS",
                "version": 1
            },
            "id": "Filebeat-Nginx-module-ecs",
            "type": "search",
            "version": 2
        },
        {
            "attributes": {
                "description": "Dashboard for the Filebeat Nginx module",
                "hits": 0,
                "kibanaSavedObjectMeta": {
                    "searchSourceJSON": "{\"query\": {\"query\": \"\", \"language\": \"kuery\"}, \"filter\": [], \"highlightAll\": true, \"version\": true}"
                },
                "optionsJSON": "{\"darkTheme\": false}",
                "panelsJSON": "[{\"size_x\": 3, \"id\": \"Nginx-Access-Browsers-ecs\", \"col\": 10, \"row\": 12, \"size_y\": 3, \"panelIndex\": 3, \"type\": \"visualization\"}, {\"size_x\": 3, \"id\": \"Nginx-Access-OSes-ecs\", \"col\": 7, \"row\": 12, \"size_y\": 3, \"panelIndex\": 4, \"type\": \"visualization\"}, {\"size_x\": 12, \"id\": \"Nginx-Access-Map-ecs\", \"col\": 1, \"row\": 2, \"size_y\": 4, \"panelIndex\": 8, \"type\": \"visualization\"}, {\"size_x\": 12, \"id\": \"b70b1b20-a1f4-11e7-928f-5dbe6f6f5519-ecs\", \"col\": 1, \"row\": 6, \"size_y\": 3, \"panelIndex\": 13, \"type\": \"visualization\"}, {\"size_x\": 6, \"id\": \"9184fa00-a1f5-11e7-928f-5dbe6f6f5519-ecs\", \"col\": 7, \"row\": 9, \"size_y\": 3, \"panelIndex\": 14, \"type\": \"visualization\"}, {\"size_x\": 6, \"id\": \"46322e50-a1f6-11e7-928f-5dbe6f6f5519-ecs\", \"col\": 1, \"row\": 9, \"size_y\": 3, \"panelIndex\": 15, \"type\": \"visualization\"}, {\"size_x\": 6, \"id\": \"0dd6f320-a29f-11e7-928f-5dbe6f6f5519-ecs\", \"col\": 1, \"row\": 12, \"size_y\": 3, \"panelIndex\": 16, \"type\": \"visualization\"}, {\"size_x\": 12, \"id\": \"97109780-a2a5-11e7-928f-5dbe6f6f5519-ecs\", \"col\": 1, \"row\": 1, \"size_y\": 1, \"panelIndex\": 17, \"type\": \"visualization\"}]",
                "timeRestore": false,
                "title": "[Filebeat Nginx] Overview ECS",
                "uiStateJSON": "{\"P-8\": {\"mapBounds\": {\"bottom_right\": {\"lon\": 245.39062500000003, \"lat\": -7.362466865535738}, \"top_left\": {\"lon\": -245.74218750000003, \"lat\": 77.07878389624943}}, \"mapCenter\": [50.51342652633956, -0.17578125], \"mapCollar\": {\"zoom\": 2, \"bottom_right\": {\"lon\": 180, \"lat\": -49.583095}, \"top_left\": {\"lon\": -180, \"lat\": 90}}, \"mapZoom\": 2}, \"P-4\": {\"vis\": {\"legendOpen\": true}}}",
                "version": 1
            },
            "id": "55a9e6e0-a29e-11e7-928f-5dbe6f6f5519-ecs",
            "type": "dashboard",
            "version": 6
        }
    ],
    "version": "6.0.0-beta2"
}