{
    "objects": [
        {
            "attributes": {
                "description": "",
                "kibanaSavedObjectMeta": {
                    "searchSourceJSON": "{\"query\": {\"query\": \"\", \"language\": \"kuery\"}, \"filter\": []}"
                },
                "savedSearchId": "bfc96a60-0a80-11e8-bffe-ff7d4f68cf94-ecs",
                "title": "Logs Severity [Filebeat MongoDB] ECS",
                "uiStateJSON": "{}",
                "version": 1,
                "visState": "{\"aggs\": [{\"type\": \"count\", \"id\": \"1\", \"schema\": \"metric\", \"params\": {}, \"enabled\": true}, {\"type\": \"terms\", \"id\": \"2\", \"schema\": \"segment\", \"params\": {\"order\": \"desc\", \"customLabel\": \"Log severity\", \"orderBy\": \"1\", \"field\": \"log.level\", \"size\": 5}, \"enabled\": true}], \"type\": \"pie\", \"params\": {\"legendPosition\": \"right\", \"addTooltip\": true, \"addLegend\": true, \"type\": \"pie\", \"isDonut\": true}, \"title\": \"Logs Severity [Filebeat MongoDB] ECS\"}"
            },
            "id": "0fef5710-0a82-11e8-bffe-ff7d4f68cf94-ecs",
            "type": "visualization",
            "version": 3
        },
        {
            "attributes": {
                "columns": [
                    "mongodb.log.timestamp",
                    "log.level",
                    "mongodb.log.component",
                    "mongodb.log.context",
                    "message"
                ],
                "description": "",
                "hits": 0,
                "kibanaSavedObjectMeta": {
                    "searchSourceJSON": "{\"query\": {\"query\": \"log.level: F or log.level: W\", \"language\": \"kuery\"}, \"index\": \"filebeat-*\", \"filter\": [], \"highlightAll\": true, \"version\": true}"
                },
                "sort": [
                    "@timestamp",
                    "desc"
                ],
                "title": "Error logs [Filebeat MongoDB] ECS",
                "version": 1
            },
            "id": "e49fe000-0a7e-11e8-bffe-ff7d4f68cf94-ecs",
            "type": "search",
            "version": 3
        },
        {
            "attributes": {
                "columns": [
                    "mongodb.log.timestamp",
                    "log.level",
                    "mongodb.log.component",
                    "mongodb.log.context",
                    "message"
                ],
                "description": "",
                "hits": 0,
                "kibanaSavedObjectMeta": {
                    "searchSourceJSON": "{\"query\": {\"query\": \"log.level: *\", \"language\": \"kuery\"}, \"index\": \"filebeat-*\", \"filter\": [], \"highlightAll\": true, \"version\": true}"
                },
                "sort": [
                    "mongodb.log.timestamp",
                    "asc"
                ],
                "title": "All logs [Filebeat MongoDB] ECS",
                "version": 1
            },
            "id": "bfc96a60-0a80-11e8-bffe-ff7d4f68cf94-ecs",
            "type": "search",
            "version": 2
        },
        {
            "attributes": {
                "description": "Filebeat MongoDB module overview",
                "hits": 0,
                "kibanaSavedObjectMeta": {
                    "searchSourceJSON": "{\"query\": {\"query\": \"\", \"language\": \"kuery\"}, \"filter\": [], \"highlightAll\": true, \"version\": true}"
                },
                "optionsJSON": "{\"darkTheme\": false}",
                "panelsJSON": "[{\"size_x\": 4, \"id\": \"0fef5710-0a82-11e8-bffe-ff7d4f68cf94-ecs\", \"col\": 1, \"row\": 1, \"size_y\": 3, \"panelIndex\": 1, \"type\": \"visualization\"}, {\"sort\": [\"@timestamp\", \"desc\"], \"size_x\": 8, \"id\": \"e49fe000-0a7e-11e8-bffe-ff7d4f68cf94-ecs\", \"col\": 5, \"row\": 1, \"columns\": [\"mongodb.log.timestamp\", \"log.level\", \"mongodb.log.component\", \"mongodb.log.context\", \"message\"], \"size_y\": 3, \"panelIndex\": 2, \"type\": \"search\"}, {\"sort\": [\"mongodb.log.timestamp\", \"asc\"], \"size_x\": 12, \"id\": \"bfc96a60-0a80-11e8-bffe-ff7d4f68cf94-ecs\", \"col\": 1, \"row\": 4, \"columns\": [\"mongodb.log.timestamp\", \"log.level\", \"mongodb.log.component\", \"mongodb.log.context\", \"message\"], \"size_y\": 6, \"panelIndex\": 3, \"type\": \"search\"}]",
                "timeRestore": false,
                "title": "[Filebeat MongoDB] Overview ECS",
                "uiStateJSON": "{}",
                "version": 1
            },
            "id": "abcf35b0-0a82-11e8-bffe-ff7d4f68cf94-ecs",
            "type": "dashboard",
            "version": 2
        }
    ],
    "version": "6.0.0"
}