{
    "objects": [
        {
            "attributes": {
                "description": "",
                "kibanaSavedObjectMeta": {
                    "searchSourceJSON": "{\"filter\": []}"
                },
                "savedSearchId": "c876e6a0-2418-11e7-a83b-d5f4cebac9ff-ecs",
                "title": "Debuglog Facility [Filebeat Icinga] ECS",
                "uiStateJSON": "{}",
                "version": 1,
                "visState": "{\"aggs\": [{\"type\": \"count\", \"id\": \"1\", \"schema\": \"metric\", \"params\": {}, \"enabled\": true}, {\"type\": \"date_histogram\", \"id\": \"2\", \"schema\": \"segment\", \"params\": {\"customInterval\": \"2h\", \"interval\": \"auto\", \"min_doc_count\": 1, \"field\": \"@timestamp\", \"extended_bounds\": {}}, \"enabled\": true}, {\"type\": \"terms\", \"id\": \"3\", \"schema\": \"group\", \"params\": {\"order\": \"desc\", \"orderBy\": \"1\", \"field\": \"icinga.debug.facility\", \"size\": 5}, \"enabled\": true}], \"listeners\": {}, \"type\": \"histogram\", \"params\": {\"mode\": \"stacked\", \"defaultYExtents\": false, \"addLegend\": true, \"addTimeMarker\": false, \"times\": [], \"addTooltip\": true, \"setYExtents\": false, \"legendPosition\": \"right\", \"scale\": \"linear\"}, \"title\": \"Icinga Debuglog Facility ECS\"}"
            },
            "id": "0bc34b60-2419-11e7-a83b-d5f4cebac9ff-ecs",
            "type": "visualization",
            "version": 2
        },
        {
            "attributes": {
                "description": "",
                "kibanaSavedObjectMeta": {
                    "searchSourceJSON": "{\"filter\": []}"
                },
                "savedSearchId": "c876e6a0-2418-11e7-a83b-d5f4cebac9ff-ecs",
                "title": "Debuglog Severity [Filebeat Icinga] ECS",
                "uiStateJSON": "{\"vis\": {\"colors\": {\"notice\": \"#6ED0E0\", \"debug\": \"#BA43A9\", \"information\": \"#629E51\", \"warning\": \"#E5AC0E\"}}}",
                "version": 1,
                "visState": "{\"aggs\": [{\"type\": \"count\", \"id\": \"1\", \"schema\": \"metric\", \"params\": {}, \"enabled\": true}, {\"type\": \"date_histogram\", \"id\": \"2\", \"schema\": \"segment\", \"params\": {\"customInterval\": \"2h\", \"interval\": \"auto\", \"min_doc_count\": 1, \"field\": \"@timestamp\", \"extended_bounds\": {}}, \"enabled\": true}, {\"type\": \"terms\", \"id\": \"3\", \"schema\": \"group\", \"params\": {\"order\": \"desc\", \"orderBy\": \"1\", \"field\": \"log.level\", \"size\": 5}, \"enabled\": true}], \"listeners\": {}, \"type\": \"histogram\", \"params\": {\"mode\": \"stacked\", \"defaultYExtents\": false, \"addLegend\": true, \"addTimeMarker\": false, \"times\": [], \"addTooltip\": true, \"setYExtents\": false, \"legendPosition\": \"right\", \"scale\": \"linear\"}, \"title\": \"Icinga Debuglog Severity ECS\"}"
            },
            "id": "fb09d4b0-2418-11e7-a83b-d5f4cebac9ff-ecs",
            "type": "visualization",
            "version": 2
        },
        {
            "attributes": {
                "columns": [
                    "icinga.debug.facility",
                    "log.level",
                    "message"
                ],
                "description": "",
                "hits": 0,
                "kibanaSavedObjectMeta": {
                    "searchSourceJSON": "{\"query\": {\"query\": \"\", \"language\": \"kuery\"}, \"index\": \"filebeat-*\", \"filter\": [{\"query\": {\"match\": {\"event.module\": {\"query\": \"icinga\", \"type\": \"phrase\"}}}, \"meta\": {\"disabled\": false, \"value\": \"icinga\", \"negate\": false, \"params\": {\"query\": \"icinga\", \"type\": \"phrase\"}, \"key\": \"event.module\", \"index\": \"filebeat-*\", \"type\": \"phrase\", \"alias\": null}, \"$state\": {\"store\": \"appState\"}}, {\"query\": {\"match\": {\"fileset.name\": {\"query\": \"debug\", \"type\": \"phrase\"}}}, \"meta\": {\"disabled\": false, \"value\": \"debug\", \"negate\": false, \"params\": {\"query\": \"debug\", \"type\": \"phrase\"}, \"key\": \"fileset.name\", \"index\": \"filebeat-*\", \"type\": \"phrase\", \"alias\": null}, \"$state\": {\"store\": \"appState\"}}], \"highlightAll\": true, \"version\": true}"
                },
                "sort": [
                    "@timestamp",
                    "desc"
                ],
                "title": "Debug Log [Filebeat Icinga] ECS",
                "version": 1
            },
            "id": "c876e6a0-2418-11e7-a83b-d5f4cebac9ff-ecs",
            "type": "search",
            "version": 2
        },
        {
            "attributes": {
                "description": "Filebeat Icinga module dashboard for the debug logs",
                "hits": 0,
                "kibanaSavedObjectMeta": {
                    "searchSourceJSON": "{\"query\": {\"query\": \"\", \"language\": \"kuery\"}, \"filter\": [], \"highlightAll\": true, \"version\": true}"
                },
                "optionsJSON": "{\"darkTheme\": false}",
                "panelsJSON": "[{\"size_x\": 6, \"id\": \"0bc34b60-2419-11e7-a83b-d5f4cebac9ff-ecs\", \"col\": 1, \"row\": 1, \"size_y\": 3, \"panelIndex\": 1, \"type\": \"visualization\"}, {\"size_x\": 6, \"id\": \"fb09d4b0-2418-11e7-a83b-d5f4cebac9ff-ecs\", \"col\": 7, \"row\": 1, \"size_y\": 3, \"panelIndex\": 2, \"type\": \"visualization\"}, {\"sort\": [\"@timestamp\", \"desc\"], \"size_x\": 12, \"id\": \"c876e6a0-2418-11e7-a83b-d5f4cebac9ff-ecs\", \"col\": 1, \"row\": 4, \"columns\": [\"icinga.debug.facility\", \"log.level\", \"message\"], \"size_y\": 29, \"panelIndex\": 3, \"type\": \"search\"}]",
                "timeRestore": false,
                "title": "[Filebeat Icinga] Debug Log ECS",
                "uiStateJSON": "{}",
                "version": 1
            },
            "id": "26309570-2419-11e7-a83b-d5f4cebac9ff-ecs",
            "type": "dashboard",
            "version": 2
        }
    ],
    "version": "6.0.0-beta1-SNAPSHOT"
}