{
    "objects": [
        {
            "attributes": {
                "columns": [
                    "log.level",
                    "message"
                ],
                "description": "",
                "hits": 0,
                "kibanaSavedObjectMeta": {
                    "searchSourceJSON": "{\"filter\": [], \"highlightAll\": true, \"query\": {\"query\": \"event.module:nginx AND message:*\", \"language\": \"kuery\"}, \"highlight\": {\"fragment_size\": 2147483647, \"fields\": {\"*\": {}}, \"require_field_match\": false, \"pre_tags\": [\"@kibana-highlighted-field@\"], \"post_tags\": [\"@/kibana-highlighted-field@\"]}, \"index\": \"filebeat-*\", \"version\": true}"
                },
                "sort": [
                    "@timestamp",
                    "desc"
                ],
                "title": "Nginx error logs [Filebeat Nginx] ECS",
                "version": 1
            },
            "id": "9eb25600-a1f0-11e7-928f-5dbe6f6f5519-ecs",
            "type": "search",
            "version": 1
        },
        {
            "attributes": {
                "columns": [
                    "url.original",
                    "http.request.method",
                    "http.response.status_code",
                    "http.response.body.bytes"
                ],
                "description": "",
                "hits": 0,
                "kibanaSavedObjectMeta": {
                    "searchSourceJSON": "{\"filter\": [], \"highlightAll\": true, \"query\": {\"query\": \"event.module:nginx AND url.original:*\", \"language\": \"kuery\"}, \"highlight\": {\"fragment_size\": 2147483647, \"fields\": {\"*\": {}}, \"require_field_match\": false, \"pre_tags\": [\"@kibana-highlighted-field@\"], \"post_tags\": [\"@/kibana-highlighted-field@\"]}, \"index\": \"filebeat-*\", \"version\": true}"
                },
                "sort": [
                    "@timestamp",
                    "desc"
                ],
                "title": "Nginx access logs [Filebeat Nginx] ECS",
                "version": 1
            },
            "id": "6d9e66d0-a1f0-11e7-928f-5dbe6f6f5519-ecs",
            "type": "search",
            "version": 4
        },
        {
            "attributes": {
                "description": "",
                "kibanaSavedObjectMeta": {
                    "searchSourceJSON": "{}"
                },
                "title": "Access logs over time [Filebeat Nginx] ECS",
                "uiStateJSON": "{}",
                "version": 1,
                "visState": "{\"aggs\": [], \"type\": \"metrics\", \"params\": {\"background_color_rules\": [{\"id\": \"3189aa80-a1f3-11e7-a062-a1c3587f4874\"}], \"show_grid\": 1, \"time_field\": \"@timestamp\", \"annotations\": [{\"ignore_global_filters\": 1, \"id\": \"970b1420-a1f3-11e7-a062-a1c3587f4874\", \"ignore_panel_filters\": 1, \"color\": \"#F00\", \"time_field\": \"@timestamp\", \"icon\": \"fa-tag\", \"index_pattern\": \"filebeat-*\"}], \"filter\": \"event.module:nginx AND fileset.name:access\", \"legend_position\": \"bottom\", \"interval\": \"auto\", \"show_legend\": 1, \"id\": \"61ca57f0-469d-11e7-af02-69e470af7417\", \"axis_position\": \"left\", \"series\": [{\"seperate_axis\": 0, \"terms_field\": \"url.original\", \"label\": \"Access logs\", \"formatter\": \"number\", \"chart_type\": \"line\", \"fill\": 0.5, \"split_filters\": [{\"id\": \"1db649a0-a1f3-11e7-a062-a1c3587f4874\", \"color\": \"#68BC00\"}], \"id\": \"61ca57f1-469d-11e7-af02-69e470af7417\", \"color\": \"#68BC00\", \"split_mode\": \"everything\", \"point_size\": 1, \"metrics\": [{\"id\": \"61ca57f2-469d-11e7-af02-69e470af7417\", \"type\": \"count\"}], \"stacked\": \"none\", \"terms_order_by\": \"61ca57f2-469d-11e7-af02-69e470af7417\", \"axis_position\": \"right\", \"line_width\": 1}], \"axis_formatter\": \"number\", \"type\": \"timeseries\", \"index_pattern\": \"filebeat-*\"}, \"title\": \"Access logs over time [Filebeat Nginx] ECS\"}"
            },
            "id": "1cfb1a80-a1f4-11e7-928f-5dbe6f6f5519-ecs",
            "type": "visualization",
            "version": 2
        },
        {
            "attributes": {
                "description": "",
                "kibanaSavedObjectMeta": {
                    "searchSourceJSON": "{}"
                },
                "title": "Dashboards [Filebeat Nginx] ECS",
                "uiStateJSON": "{}",
                "version": 1,
                "visState": "{\"aggs\": [], \"type\": \"markdown\", \"params\": {\"fontSize\": 12, \"markdown\": \"[Nginx logs overview](#/dashboard/55a9e6e0-a29e-11e7-928f-5dbe6f6f5519-ecs) | [Nginx access and error logs](#/dashboard/046212a0-a2a1-11e7-928f-5dbe6f6f5519-ecs)\"}, \"title\": \"Dashboards [Filebeat Nginx] ECS\"}"
            },
            "id": "97109780-a2a5-11e7-928f-5dbe6f6f5519-ecs",
            "type": "visualization",
            "version": 1
        },
        {
            "attributes": {
                "description": "Dashboard for the Filebeat Nginx module",
                "hits": 0,
                "kibanaSavedObjectMeta": {
                    "searchSourceJSON": "{\"query\": {\"query\": \"\", \"language\": \"kuery\"}, \"filter\": [], \"highlightAll\": true, \"version\": true}"
                },
                "optionsJSON": "{\"darkTheme\": false}",
                "panelsJSON": "[{\"sort\": [\"@timestamp\", \"desc\"], \"size_x\": 12, \"id\": \"9eb25600-a1f0-11e7-928f-5dbe6f6f5519-ecs\", \"col\": 1, \"row\": 5, \"columns\": [\"log.level\", \"message\"], \"size_y\": 3, \"panelIndex\": 11, \"type\": \"search\"}, {\"sort\": [\"@timestamp\", \"desc\"], \"size_x\": 12, \"id\": \"6d9e66d0-a1f0-11e7-928f-5dbe6f6f5519-ecs\", \"col\": 1, \"row\": 8, \"columns\": [\"url.original\", \"http.request.method\", \"http.response.status_code\", \"http.response.body.bytes\"], \"size_y\": 7, \"panelIndex\": 16, \"type\": \"search\"}, {\"size_x\": 12, \"id\": \"1cfb1a80-a1f4-11e7-928f-5dbe6f6f5519-ecs\", \"col\": 1, \"row\": 2, \"size_y\": 3, \"panelIndex\": 18, \"type\": \"visualization\"}, {\"size_x\": 12, \"id\": \"97109780-a2a5-11e7-928f-5dbe6f6f5519-ecs\", \"col\": 1, \"row\": 1, \"size_y\": 1, \"panelIndex\": 19, \"type\": \"visualization\"}]",
                "timeRestore": false,
                "title": "[Filebeat Nginx] Access and error logs ECS",
                "uiStateJSON": "{}",
                "version": 1
            },
            "id": "046212a0-a2a1-11e7-928f-5dbe6f6f5519-ecs",
            "type": "dashboard",
            "version": 2
        }
    ],
    "version": "6.0.0-beta2"
}