{
    "objects": [
        {
            "attributes": {
                "description": "",
                "kibanaSavedObjectMeta": {
                    "searchSourceJSON": "{\"filter\": []}"
                },
                "savedSearchId": "ffaf5a30-2413-11e7-a0d9-39604d45ca7f-ecs",
                "title": "Mainlog Severity [Filebeat Icinga] ECS",
                "uiStateJSON": "{\"vis\": {\"colors\": {\"warning\": \"#E5AC0E\", \"critical\": \"#BF1B00\"}}}",
                "version": 1,
                "visState": "{\"aggs\": [{\"type\": \"count\", \"id\": \"1\", \"schema\": \"metric\", \"params\": {}, \"enabled\": true}, {\"type\": \"date_histogram\", \"id\": \"2\", \"schema\": \"segment\", \"params\": {\"customInterval\": \"2h\", \"interval\": \"auto\", \"min_doc_count\": 1, \"field\": \"@timestamp\", \"extended_bounds\": {}}, \"enabled\": true}, {\"type\": \"terms\", \"id\": \"3\", \"schema\": \"group\", \"params\": {\"order\": \"desc\", \"orderBy\": \"1\", \"field\": \"log.level\", \"size\": 5}, \"enabled\": true}], \"listeners\": {}, \"type\": \"histogram\", \"params\": {\"mode\": \"stacked\", \"defaultYExtents\": false, \"addLegend\": true, \"addTimeMarker\": false, \"times\": [], \"addTooltip\": true, \"setYExtents\": false, \"legendPosition\": \"right\", \"scale\": \"linear\"}, \"title\": \"Icinga Mainlog Severity ECS\"}"
            },
            "id": "d8e5dc40-2417-11e7-a83b-d5f4cebac9ff-ecs",
            "type": "visualization",
            "version": 2
        },
        {
            "attributes": {
                "columns": [
                    "icinga.main.facility",
                    "log.level",
                    "message"
                ],
                "description": "",
                "hits": 0,
                "kibanaSavedObjectMeta": {
                    "searchSourceJSON": "{\"query\": {\"query\": \"\", \"language\": \"kuery\"}, \"index\": \"filebeat-*\", \"filter\": [{\"query\": {\"match\": {\"event.module\": {\"query\": \"icinga\", \"type\": \"phrase\"}}}, \"meta\": {\"disabled\": false, \"value\": \"icinga\", \"negate\": false, \"params\": {\"query\": \"icinga\", \"type\": \"phrase\"}, \"key\": \"event.module\", \"index\": \"filebeat-*\", \"type\": \"phrase\", \"alias\": null}, \"$state\": {\"store\": \"appState\"}}, {\"query\": {\"match\": {\"fileset.name\": {\"query\": \"main\", \"type\": \"phrase\"}}}, \"meta\": {\"disabled\": false, \"value\": \"main\", \"negate\": false, \"params\": {\"query\": \"main\", \"type\": \"phrase\"}, \"key\": \"fileset.name\", \"index\": \"filebeat-*\", \"type\": \"phrase\", \"alias\": null}, \"$state\": {\"store\": \"appState\"}}], \"highlightAll\": true, \"version\": true}"
                },
                "sort": [
                    "@timestamp",
                    "desc"
                ],
                "title": "Main Log [Filebeat Icinga] ECS",
                "version": 1
            },
            "id": "ffaf5a30-2413-11e7-a0d9-39604d45ca7f-ecs",
            "type": "search",
            "version": 2
        },
        {
            "attributes": {
                "description": "",
                "kibanaSavedObjectMeta": {
                    "searchSourceJSON": "{\"filter\": []}"
                },
                "savedSearchId": "ffaf5a30-2413-11e7-a0d9-39604d45ca7f-ecs",
                "title": "Mainlog Facility [Filebeat Icinga] ECS",
                "uiStateJSON": "{}",
                "version": 1,
                "visState": "{\"aggs\": [{\"type\": \"count\", \"id\": \"1\", \"schema\": \"metric\", \"params\": {}, \"enabled\": true}, {\"type\": \"date_histogram\", \"id\": \"2\", \"schema\": \"segment\", \"params\": {\"customInterval\": \"2h\", \"interval\": \"auto\", \"min_doc_count\": 1, \"field\": \"@timestamp\", \"extended_bounds\": {}}, \"enabled\": true}, {\"type\": \"terms\", \"id\": \"3\", \"schema\": \"group\", \"params\": {\"order\": \"desc\", \"orderBy\": \"1\", \"field\": \"icinga.main.facility\", \"size\": 5}, \"enabled\": true}], \"listeners\": {}, \"type\": \"histogram\", \"params\": {\"mode\": \"stacked\", \"defaultYExtents\": false, \"addLegend\": true, \"addTimeMarker\": false, \"times\": [], \"addTooltip\": true, \"setYExtents\": false, \"legendPosition\": \"right\", \"scale\": \"linear\"}, \"title\": \"Icinga Mainlog Facility ECS\"}"
            },
            "id": "2cf77780-2418-11e7-a83b-d5f4cebac9ff-ecs",
            "type": "visualization",
            "version": 2
        },
        {
            "attributes": {
                "description": "Filebeat Icinga module dashboard for the main log files",
                "hits": 0,
                "kibanaSavedObjectMeta": {
                    "searchSourceJSON": "{\"query\": {\"query\": \"\", \"language\": \"kuery\"}, \"filter\": [], \"highlightAll\": true, \"version\": true}"
                },
                "optionsJSON": "{\"darkTheme\": false}",
                "panelsJSON": "[{\"size_x\": 6, \"id\": \"d8e5dc40-2417-11e7-a83b-d5f4cebac9ff-ecs\", \"col\": 7, \"row\": 1, \"size_y\": 3, \"panelIndex\": 1, \"type\": \"visualization\"}, {\"sort\": [\"@timestamp\", \"desc\"], \"size_x\": 12, \"id\": \"ffaf5a30-2413-11e7-a0d9-39604d45ca7f-ecs\", \"col\": 1, \"row\": 4, \"columns\": [\"icinga.main.facility\", \"log.level\", \"message\"], \"size_y\": 25, \"panelIndex\": 2, \"type\": \"search\"}, {\"size_x\": 6, \"id\": \"2cf77780-2418-11e7-a83b-d5f4cebac9ff-ecs\", \"col\": 1, \"row\": 1, \"size_y\": 3, \"panelIndex\": 3, \"type\": \"visualization\"}]",
                "timeRestore": false,
                "title": "[Filebeat Icinga] Main Log ECS",
                "uiStateJSON": "{}",
                "version": 1
            },
            "id": "f693d260-2417-11e7-a83b-d5f4cebac9ff-ecs",
            "type": "dashboard",
            "version": 4
        }
    ],
    "version": "6.0.0-beta1-SNAPSHOT"
}