{
    "objects": [
        {
            "attributes": {
                "description": "",
                "kibanaSavedObjectMeta": {
                    "searchSourceJSON": "{\"query\": {\"query\": \"event.dataset:redis.log\", \"language\": \"kuery\"}, \"index\": \"filebeat-*\", \"filter\": [], \"highlightAll\": true, \"version\": true}"
                },
                "title": "Log levels and roles breakdown [Filebeat Redis] ECS",
                "uiStateJSON": "{}",
                "version": 1,
                "visState": "{\"aggs\": [{\"type\": \"count\", \"id\": \"1\", \"schema\": \"metric\", \"params\": {}, \"enabled\": true}, {\"type\": \"terms\", \"id\": \"3\", \"schema\": \"segment\", \"params\": {\"order\": \"desc\", \"orderBy\": \"1\", \"field\": \"redis.log.role\", \"size\": 5}, \"enabled\": true}, {\"type\": \"terms\", \"id\": \"2\", \"schema\": \"segment\", \"params\": {\"order\": \"desc\", \"customLabel\": \"Log level\", \"orderBy\": \"1\", \"field\": \"log.level\", \"size\": 5}, \"enabled\": true}], \"type\": \"pie\", \"params\": {\"legendPosition\": \"bottom\", \"addTooltip\": true, \"addLegend\": true, \"type\": \"pie\", \"isDonut\": false}, \"title\": \"Log levels and roles breakdown [Filebeat Redis] ECS\"}"
            },
            "id": "78b9afe0-478f-11e7-b1f0-cb29bac6bf8b-ecs",
            "type": "visualization",
            "version": 2
        },
        {
            "attributes": {
                "description": "",
                "kibanaSavedObjectMeta": {
                    "searchSourceJSON": "{\"query\": {\"query\": \"event.dataset:redis.log\", \"language\": \"kuery\"}, \"index\": \"filebeat-*\", \"filter\": [], \"highlightAll\": true, \"version\": true}"
                },
                "title": "Logs over time [Filebeat Redis] ECS",
                "uiStateJSON": "{\"vis\": {\"colors\": {\"notice\": \"#629E51\", \"warning\": \"#EF843C\"}}}",
                "version": 1,
                "visState": "{\"aggs\": [{\"type\": \"count\", \"id\": \"1\", \"schema\": \"metric\", \"params\": {}, \"enabled\": true}, {\"type\": \"date_histogram\", \"id\": \"2\", \"schema\": \"segment\", \"params\": {\"customInterval\": \"2h\", \"interval\": \"auto\", \"min_doc_count\": 1, \"field\": \"@timestamp\", \"extended_bounds\": {}}, \"enabled\": true}, {\"type\": \"terms\", \"id\": \"3\", \"schema\": \"group\", \"params\": {\"order\": \"desc\", \"orderBy\": \"1\", \"field\": \"log.level\", \"size\": 5}, \"enabled\": true}], \"type\": \"histogram\", \"params\": {\"scale\": \"linear\", \"seriesParams\": [{\"valueAxis\": \"ValueAxis-1\", \"drawLinesBetweenPoints\": true, \"mode\": \"stacked\", \"showCircles\": true, \"show\": \"true\", \"data\": {\"id\": \"1\", \"label\": \"Count\"}, \"type\": \"histogram\"}], \"legendPosition\": \"right\", \"addTimeMarker\": false, \"valueAxes\": [{\"scale\": {\"mode\": \"normal\", \"type\": \"linear\"}, \"id\": \"ValueAxis-1\", \"position\": \"left\", \"style\": {}, \"show\": true, \"name\": \"LeftAxis-1\", \"labels\": {\"show\": true, \"truncate\": 100, \"rotate\": 0, \"filter\": false}, \"type\": \"value\", \"title\": {\"text\": \"Count\"}}], \"grid\": {\"style\": {\"color\": \"#eee\"}, \"categoryLines\": false}, \"drawLinesBetweenPoints\": true, \"setYExtents\": false, \"interpolate\": \"linear\", \"defaultYExtents\": false, \"addTooltip\": true, \"categoryAxes\": [{\"scale\": {\"type\": \"linear\"}, \"id\": \"CategoryAxis-1\", \"position\": \"bottom\", \"style\": {}, \"show\": true, \"labels\": {\"show\": true, \"truncate\": 100}, \"type\": \"category\", \"title\": {\"text\": \"@timestamp per month\"}}], \"times\": [], \"addLegend\": true, \"type\": \"histogram\", \"showCircles\": true, \"radiusRatio\": 9}, \"title\": \"Logs over time [Filebeat Redis] ECS\"}"
            },
            "id": "d2864600-478f-11e7-be88-2ddb32f3df97-ecs",
            "type": "visualization",
            "version": 2
        },
        {
            "attributes": {
                "columns": [
                    "host.name",
                    "log.level",
                    "redis.log.role",
                    "message"
                ],
                "description": "",
                "hits": 0,
                "kibanaSavedObjectMeta": {
                    "searchSourceJSON": "{\"query\": {\"query\": \"\", \"language\": \"kuery\"}, \"index\": \"filebeat-*\", \"filter\": [{\"query\": {\"match\": {\"event.module\": {\"query\": \"redis\", \"type\": \"phrase\"}}}, \"meta\": {\"disabled\": false, \"value\": \"redis\", \"negate\": false, \"params\": {\"query\": \"redis\", \"type\": \"phrase\"}, \"key\": \"event.module\", \"index\": \"filebeat-*\", \"type\": \"phrase\", \"alias\": null}, \"$state\": {\"store\": \"appState\"}}, {\"query\": {\"match\": {\"fileset.name\": {\"query\": \"log\", \"type\": \"phrase\"}}}, \"meta\": {\"disabled\": false, \"value\": \"log\", \"negate\": false, \"params\": {\"query\": \"log\", \"type\": \"phrase\"}, \"key\": \"fileset.name\", \"index\": \"filebeat-*\", \"type\": \"phrase\", \"alias\": null}, \"$state\": {\"store\": \"appState\"}}], \"highlightAll\": true, \"version\": true}"
                },
                "sort": [
                    "@timestamp",
                    "desc"
                ],
                "title": "Logs [Filebeat Redis] ECS",
                "version": 1
            },
            "id": "73613570-4791-11e7-be88-2ddb32f3df97-ecs",
            "type": "search",
            "version": 2
        },
        {
            "attributes": {
                "description": "",
                "kibanaSavedObjectMeta": {
                    "searchSourceJSON": "{\"filter\": []}"
                },
                "savedSearchId": "0ab87b80-478e-11e7-b1f0-cb29bac6bf8b-ecs",
                "title": "Top slowest commands [Filebeat Redis] ECS",
                "uiStateJSON": "{}",
                "version": 1,
                "visState": "{\"aggs\": [{\"type\": \"max\", \"id\": \"1\", \"schema\": \"metric\", \"params\": {\"customLabel\": \"Command\", \"field\": \"redis.slowlog.duration.us\"}, \"enabled\": true}, {\"type\": \"terms\", \"id\": \"2\", \"schema\": \"segment\", \"params\": {\"order\": \"desc\", \"customLabel\": \"Duration (microseconds)\", \"orderBy\": \"1\", \"field\": \"redis.slowlog.cmd\", \"size\": 5}, \"enabled\": true}], \"type\": \"histogram\", \"params\": {\"scale\": \"linear\", \"seriesParams\": [{\"valueAxis\": \"ValueAxis-1\", \"drawLinesBetweenPoints\": true, \"mode\": \"normal\", \"showCircles\": true, \"show\": true, \"data\": {\"id\": \"1\", \"label\": \"Command\"}, \"type\": \"histogram\"}], \"legendPosition\": \"right\", \"addTimeMarker\": false, \"valueAxes\": [{\"scale\": {\"mode\": \"normal\", \"type\": \"linear\"}, \"id\": \"ValueAxis-1\", \"position\": \"bottom\", \"style\": {}, \"show\": true, \"name\": \"LeftAxis-1\", \"labels\": {\"show\": true, \"truncate\": 100, \"rotate\": 75, \"filter\": true}, \"type\": \"value\", \"title\": {\"text\": \"Command\"}}], \"grid\": {\"style\": {\"color\": \"#eee\"}, \"categoryLines\": false}, \"drawLinesBetweenPoints\": true, \"setYExtents\": false, \"interpolate\": \"linear\", \"defaultYExtents\": false, \"addTooltip\": true, \"categoryAxes\": [{\"scale\": {\"type\": \"linear\"}, \"id\": \"CategoryAxis-1\", \"position\": \"left\", \"style\": {}, \"show\": true, \"labels\": {\"show\": true, \"truncate\": 200, \"rotate\": 0, \"filter\": false}, \"type\": \"category\", \"title\": {\"text\": \"Duration (microseconds)\"}}], \"times\": [], \"addLegend\": true, \"type\": \"histogram\", \"showCircles\": true, \"radiusRatio\": 9}, \"title\": \"Top slowest commands [Filebeat Redis] ECS\"}"
            },
            "id": "dcccaa80-4791-11e7-be88-2ddb32f3df97-ecs",
            "type": "visualization",
            "version": 2
        },
        {
            "attributes": {
                "columns": [
                    "host.name",
                    "message",
                    "redis.slowlog.duration.us",
                    "redis.slowlog.key"
                ],
                "description": "",
                "hits": 0,
                "kibanaSavedObjectMeta": {
                    "searchSourceJSON": "{\"query\": {\"query\": \"event.dataset:redis.slowlog\", \"language\": \"kuery\"}, \"index\": \"filebeat-*\", \"filter\": [], \"highlightAll\": true, \"version\": true}"
                },
                "sort": [
                    "@timestamp",
                    "desc"
                ],
                "title": "Slow logs [Filebeat Redis] ECS",
                "version": 1
            },
            "id": "0ab87b80-478e-11e7-b1f0-cb29bac6bf8b-ecs",
            "type": "search",
            "version": 2
        },
        {
            "attributes": {
                "description": "Overview dashboard for the FIlebeat Redis module",
                "hits": 0,
                "kibanaSavedObjectMeta": {
                    "searchSourceJSON": "{\"query\": {\"query\": \"\", \"language\": \"kuery\"}, \"filter\": [], \"highlightAll\": true, \"version\": true}"
                },
                "optionsJSON": "{\"darkTheme\": false}",
                "panelsJSON": "[{\"size_x\": 3, \"id\": \"78b9afe0-478f-11e7-b1f0-cb29bac6bf8b-ecs\", \"col\": 1, \"row\": 5, \"size_y\": 3, \"panelIndex\": 2, \"type\": \"visualization\"}, {\"size_x\": 9, \"id\": \"d2864600-478f-11e7-be88-2ddb32f3df97-ecs\", \"col\": 4, \"row\": 5, \"size_y\": 3, \"panelIndex\": 3, \"type\": \"visualization\"}, {\"sort\": [\"@timestamp\", \"desc\"], \"size_x\": 12, \"id\": \"73613570-4791-11e7-be88-2ddb32f3df97-ecs\", \"col\": 1, \"row\": 8, \"columns\": [\"host.name\", \"log.level\", \"redis.log.role\", \"message\"], \"size_y\": 4, \"panelIndex\": 4, \"type\": \"search\"}, {\"size_x\": 6, \"id\": \"dcccaa80-4791-11e7-be88-2ddb32f3df97-ecs\", \"col\": 7, \"row\": 1, \"size_y\": 4, \"panelIndex\": 5, \"type\": \"visualization\"}, {\"sort\": [\"@timestamp\", \"desc\"], \"size_x\": 6, \"id\": \"0ab87b80-478e-11e7-b1f0-cb29bac6bf8b-ecs\", \"col\": 1, \"row\": 1, \"columns\": [\"host.name\", \"message\", \"redis.slowlog.duration.us\", \"redis.slowlog.key\"], \"size_y\": 4, \"panelIndex\": 6, \"type\": \"search\"}]",
                "timeRestore": false,
                "title": "[Filebeat Redis] Overview ECS",
                "uiStateJSON": "{\"P-5\": {\"vis\": {\"legendOpen\": false}}}",
                "version": 1
            },
            "id": "7fea2930-478e-11e7-b1f0-cb29bac6bf8b-ecs",
            "type": "dashboard",
            "version": 4
        }
    ],
    "version": "6.0.0-beta1-SNAPSHOT"
}