{
    "objects": [
        {
            "attributes": {
                "description": "",
                "kibanaSavedObjectMeta": {
                    "searchSourceJSON": "{\"query\": {\"query\": \"\", \"language\": \"kuery\"}, \"index\": \"filebeat-*\", \"filter\": []}"
                },
                "title": "Message Types Timeline [Filebeat NATS] ECS",
                "uiStateJSON": "{}",
                "version": 1,
                "visState": "{\"aggs\": [{\"type\": \"count\", \"id\": \"1\", \"schema\": \"metric\", \"params\": {\"customLabel\": \"\"}, \"enabled\": true}, {\"type\": \"date_histogram\", \"id\": \"2\", \"schema\": \"segment\", \"enabled\": true}, {\"type\": \"significant_terms\", \"id\": \"3\", \"schema\": \"group\", \"params\": {\"size\": 15, \"field\": \"nats.log.msg.type\"}, \"enabled\": true}], \"type\": \"line\", \"params\": {\"grid\": {\"style\": {\"color\": \"#eee\"}, \"categoryLines\": false}, \"valueAxes\": [{\"scale\": {\"mode\": \"normal\", \"type\": \"linear\"}, \"id\": \"ValueAxis-1\", \"position\": \"left\", \"style\": {}, \"show\": true, \"name\": \"LeftAxis-1\", \"labels\": {\"show\": true, \"truncate\": 100, \"rotate\": 0, \"filter\": false}, \"type\": \"value\", \"title\": {\"text\": \"Count\"}}], \"seriesParams\": [{\"valueAxis\": \"ValueAxis-1\", \"drawLinesBetweenPoints\": true, \"mode\": \"normal\", \"interpolate\": \"cardinal\", \"show\": \"true\", \"data\": {\"id\": \"1\", \"label\": \"Count\"}, \"type\": \"line\", \"showCircles\": true}], \"categoryAxes\": [{\"scale\": {\"type\": \"linear\"}, \"id\": \"CategoryAxis-1\", \"position\": \"bottom\", \"style\": {}, \"show\": true, \"labels\": {\"show\": true, \"truncate\": 100}, \"type\": \"category\", \"title\": {}}], \"addTooltip\": true, \"times\": [], \"addTimeMarker\": false, \"addLegend\": true, \"legendPosition\": \"right\", \"type\": \"line\"}, \"title\": \"Message Types Timeline [Filebeat NATS] ECS\"}"
            },
            "id": "6987a800-41a8-11e9-a4da-b1df688edbcd-ecs",
            "type": "visualization",
            "updated_at": "2019-03-08T21:47:49.627Z",
            "version": 3
        },
        {
            "attributes": {
                "description": "",
                "kibanaSavedObjectMeta": {
                    "searchSourceJSON": "{\"query\": {\"query\": \"service.type: nats\", \"language\": \"kuery\"}, \"index\": \"filebeat-*\", \"filter\": []}"
                },
                "title": "Communication Directions [Filebeat NATS] ECS",
                "uiStateJSON": "{}",
                "version": 1,
                "visState": "{\"aggs\": [{\"type\": \"count\", \"id\": \"1\", \"schema\": \"metric\", \"params\": {}, \"enabled\": true}, {\"type\": \"date_histogram\", \"id\": \"2\", \"schema\": \"segment\", \"enabled\": true}, {\"type\": \"significant_terms\", \"id\": \"3\", \"schema\": \"group\", \"params\": {\"size\": 2, \"field\": \"network.direction\"}, \"enabled\": true}], \"type\": \"line\", \"params\": {\"grid\": {\"style\": {\"color\": \"#eee\"}, \"categoryLines\": false}, \"valueAxes\": [{\"scale\": {\"mode\": \"normal\", \"type\": \"linear\"}, \"id\": \"ValueAxis-1\", \"position\": \"left\", \"style\": {}, \"show\": true, \"name\": \"LeftAxis-1\", \"labels\": {\"show\": true, \"truncate\": 100, \"rotate\": 0, \"filter\": false}, \"type\": \"value\", \"title\": {\"text\": \"Count\"}}], \"seriesParams\": [{\"valueAxis\": \"ValueAxis-1\", \"drawLinesBetweenPoints\": true, \"mode\": \"normal\", \"showCircles\": true, \"show\": \"true\", \"data\": {\"id\": \"1\", \"label\": \"Count\"}, \"type\": \"line\"}], \"categoryAxes\": [{\"scale\": {\"type\": \"linear\"}, \"id\": \"CategoryAxis-1\", \"position\": \"bottom\", \"style\": {}, \"show\": true, \"labels\": {\"show\": true, \"truncate\": 100}, \"type\": \"category\", \"title\": {}}], \"addTooltip\": true, \"times\": [], \"addTimeMarker\": false, \"addLegend\": true, \"legendPosition\": \"right\", \"type\": \"line\"}, \"title\": \"Communication Directions [Filebeat NATS] ECS\"}"
            },
            "id": "0b2061d0-41ad-11e9-a4da-b1df688edbcd-ecs",
            "type": "visualization",
            "updated_at": "2019-03-08T21:54:53.381Z",
            "version": 3
        },
        {
            "attributes": {
                "description": "",
                "kibanaSavedObjectMeta": {
                    "searchSourceJSON": "{\"query\": {\"query\": \"\", \"language\": \"kuery\"}, \"index\": \"filebeat-*\", \"filter\": []}"
                },
                "title": "Topics Timeline [Filebeat NATS] ECS",
                "uiStateJSON": "{}",
                "version": 1,
                "visState": "{\"aggs\": [{\"type\": \"count\", \"id\": \"1\", \"schema\": \"metric\", \"params\": {}, \"enabled\": true}, {\"type\": \"date_histogram\", \"id\": \"2\", \"schema\": \"segment\", \"enabled\": true}, {\"type\": \"significant_terms\", \"id\": \"3\", \"schema\": \"group\", \"params\": {\"size\": 5, \"field\": \"nats.log.msg.subject\"}, \"enabled\": true}], \"type\": \"line\", \"params\": {\"grid\": {\"style\": {\"color\": \"#eee\"}, \"categoryLines\": false}, \"valueAxes\": [{\"scale\": {\"mode\": \"normal\", \"type\": \"linear\"}, \"id\": \"ValueAxis-1\", \"position\": \"left\", \"style\": {}, \"show\": true, \"name\": \"LeftAxis-1\", \"labels\": {\"show\": true, \"truncate\": 100, \"rotate\": 0, \"filter\": false}, \"type\": \"value\", \"title\": {\"text\": \"Count\"}}], \"seriesParams\": [{\"valueAxis\": \"ValueAxis-1\", \"drawLinesBetweenPoints\": true, \"mode\": \"normal\", \"showCircles\": true, \"show\": \"true\", \"data\": {\"id\": \"1\", \"label\": \"Count\"}, \"type\": \"line\"}], \"categoryAxes\": [{\"scale\": {\"type\": \"linear\"}, \"id\": \"CategoryAxis-1\", \"position\": \"bottom\", \"style\": {}, \"show\": true, \"labels\": {\"show\": true, \"truncate\": 100}, \"type\": \"category\", \"title\": {}}], \"addTooltip\": true, \"times\": [], \"addTimeMarker\": false, \"addLegend\": true, \"legendPosition\": \"right\", \"type\": \"line\"}, \"title\": \"Topics Timeline [Filebeat NATS] ECS\"}"
            },
            "id": "4a6d9ec0-41a8-11e9-a4da-b1df688edbcd-ecs",
            "type": "visualization",
            "updated_at": "2019-03-08T21:49:49.112Z",
            "version": 3
        },
        {
            "attributes": {
                "description": "",
                "kibanaSavedObjectMeta": {
                    "searchSourceJSON": "{\"query\": {\"query\": \"\", \"language\": \"kuery\"}, \"index\": \"filebeat-*\", \"filter\": []}"
                },
                "title": " Bytes Timeline [Filebeat NATS] ECS",
                "uiStateJSON": "{}",
                "version": 1,
                "visState": "{\"aggs\": [{\"type\": \"sum\", \"id\": \"1\", \"schema\": \"metric\", \"params\": {\"customLabel\": \"Sum of Message Bytes\", \"field\": \"nats.log.msg.bytes\"}, \"enabled\": true}, {\"type\": \"date_histogram\", \"id\": \"2\", \"schema\": \"segment\", \"enabled\": true}], \"type\": \"line\", \"params\": {\"grid\": {\"style\": {\"color\": \"#eee\"}, \"categoryLines\": false}, \"valueAxes\": [{\"scale\": {\"mode\": \"normal\", \"type\": \"linear\"}, \"id\": \"ValueAxis-1\", \"position\": \"left\", \"style\": {}, \"show\": true, \"name\": \"LeftAxis-1\", \"labels\": {\"show\": true, \"truncate\": 100, \"rotate\": 0, \"filter\": false}, \"type\": \"value\", \"title\": {\"text\": \"Sum of Message Bytes\"}}], \"seriesParams\": [{\"valueAxis\": \"ValueAxis-1\", \"drawLinesBetweenPoints\": true, \"mode\": \"normal\", \"showCircles\": true, \"show\": \"true\", \"data\": {\"id\": \"1\", \"label\": \"Sum of Message Bytes\"}, \"type\": \"line\"}], \"categoryAxes\": [{\"scale\": {\"type\": \"linear\"}, \"id\": \"CategoryAxis-1\", \"position\": \"bottom\", \"style\": {}, \"show\": true, \"labels\": {\"show\": true, \"truncate\": 100}, \"type\": \"category\", \"title\": {}}], \"addTooltip\": true, \"times\": [], \"addTimeMarker\": false, \"addLegend\": true, \"legendPosition\": \"right\", \"type\": \"line\"}, \"title\": \" Bytes Timeline [Filebeat NATS] ECS\"}"
            },
            "id": "c3d1ab80-41a8-11e9-a4da-b1df688edbcd-ecs",
            "type": "visualization",
            "updated_at": "2019-03-08T21:38:11.578Z",
            "version": 3
        },
        {
            "attributes": {
                "description": "",
                "kibanaSavedObjectMeta": {
                    "searchSourceJSON": "{\"query\": {\"query\": \"service.type: nats\", \"language\": \"kuery\"}, \"index\": \"filebeat-*\", \"filter\": []}"
                },
                "title": "Communication Directions Distribution [Filebeat NATS] ECS",
                "uiStateJSON": "{}",
                "version": 1,
                "visState": "{\"aggs\": [{\"type\": \"count\", \"id\": \"1\", \"schema\": \"metric\", \"params\": {}, \"enabled\": true}, {\"type\": \"significant_terms\", \"id\": \"2\", \"schema\": \"segment\", \"params\": {\"size\": 2, \"field\": \"network.direction\"}, \"enabled\": true}], \"type\": \"pie\", \"params\": {\"isDonut\": true, \"addLegend\": true, \"addTooltip\": true, \"legendPosition\": \"right\", \"type\": \"pie\", \"labels\": {\"show\": true, \"truncate\": 100, \"last_level\": true, \"values\": true}}, \"title\": \"Communication Directions Distribution [Filebeat NATS] ECS\"}"
            },
            "id": "7716c780-41ad-11e9-a4da-b1df688edbcd-ecs",
            "type": "visualization",
            "updated_at": "2019-03-08T21:39:03.899Z",
            "version": 5
        },
        {
            "attributes": {
                "description": "",
                "kibanaSavedObjectMeta": {
                    "searchSourceJSON": "{\"query\": {\"query\": \"service.type: nats\", \"language\": \"kuery\"}, \"index\": \"filebeat-*\", \"filter\": []}"
                },
                "title": "Log Level Distribution [Filebeat NATS] ECS",
                "uiStateJSON": "{}",
                "version": 1,
                "visState": "{\"aggs\": [{\"type\": \"count\", \"id\": \"1\", \"schema\": \"metric\", \"params\": {}, \"enabled\": true}, {\"type\": \"significant_terms\", \"id\": \"2\", \"schema\": \"segment\", \"params\": {\"size\": 10, \"field\": \"log.level\"}, \"enabled\": true}], \"type\": \"pie\", \"params\": {\"isDonut\": true, \"addLegend\": true, \"addTooltip\": true, \"legendPosition\": \"right\", \"type\": \"pie\", \"labels\": {\"show\": true, \"truncate\": 100, \"last_level\": true, \"values\": true}}, \"title\": \"Log Level Distribution [Filebeat NATS] ECS\"}"
            },
            "id": "3f6cca40-41ae-11e9-a4da-b1df688edbcd-ecs",
            "type": "visualization",
            "updated_at": "2019-03-08T21:44:31.263Z",
            "version": 3
        },
        {
            "attributes": {
                "description": "",
                "kibanaSavedObjectMeta": {
                    "searchSourceJSON": "{\"query\": {\"query\": \"\", \"language\": \"kuery\"}, \"index\": \"filebeat-*\", \"filter\": []}"
                },
                "title": "Message Type Distribution [Filebeat NATS] ECS",
                "uiStateJSON": "{}",
                "version": 1,
                "visState": "{\"aggs\": [{\"type\": \"count\", \"id\": \"1\", \"schema\": \"metric\", \"params\": {}, \"enabled\": true}, {\"type\": \"significant_terms\", \"id\": \"2\", \"schema\": \"segment\", \"params\": {\"size\": 15, \"field\": \"nats.log.msg.type\"}, \"enabled\": true}], \"type\": \"pie\", \"params\": {\"isDonut\": true, \"addLegend\": true, \"addTooltip\": true, \"legendPosition\": \"right\", \"type\": \"pie\", \"labels\": {\"show\": true, \"truncate\": 100, \"last_level\": true, \"values\": true}}, \"title\": \"Message Type Distribution [Filebeat NATS] ECS\"}"
            },
            "id": "7ed62870-41ae-11e9-a4da-b1df688edbcd-ecs",
            "type": "visualization",
            "updated_at": "2019-03-08T21:48:10.554Z",
            "version": 3
        },
        {
            "attributes": {
                "description": "",
                "kibanaSavedObjectMeta": {
                    "searchSourceJSON": "{\"query\": {\"query\": \"service.type: nats\", \"language\": \"kuery\"}, \"index\": \"filebeat-*\", \"filter\": []}"
                },
                "title": "Log Level Timeline [Filebeat NATS] ECS",
                "uiStateJSON": "{}",
                "version": 1,
                "visState": "{\"aggs\": [{\"type\": \"count\", \"id\": \"1\", \"schema\": \"metric\", \"params\": {}, \"enabled\": true}, {\"type\": \"date_histogram\", \"id\": \"2\", \"schema\": \"segment\", \"enabled\": true}, {\"type\": \"significant_terms\", \"id\": \"3\", \"schema\": \"group\", \"params\": {\"size\": 10, \"field\": \"log.level\"}, \"enabled\": true}], \"type\": \"area\", \"params\": {\"grid\": {\"style\": {\"color\": \"#eee\"}, \"categoryLines\": false}, \"valueAxes\": [{\"scale\": {\"mode\": \"normal\", \"type\": \"linear\"}, \"id\": \"ValueAxis-1\", \"position\": \"left\", \"style\": {}, \"show\": true, \"name\": \"LeftAxis-1\", \"labels\": {\"show\": true, \"truncate\": 100, \"rotate\": 0, \"filter\": false}, \"type\": \"value\", \"title\": {\"text\": \"Count\"}}], \"seriesParams\": [{\"valueAxis\": \"ValueAxis-1\", \"drawLinesBetweenPoints\": true, \"mode\": \"stacked\", \"interpolate\": \"linear\", \"show\": \"true\", \"data\": {\"id\": \"1\", \"label\": \"Count\"}, \"type\": \"area\", \"showCircles\": true}], \"categoryAxes\": [{\"scale\": {\"type\": \"linear\"}, \"id\": \"CategoryAxis-1\", \"position\": \"bottom\", \"style\": {}, \"show\": true, \"labels\": {\"show\": true, \"truncate\": 100}, \"type\": \"category\", \"title\": {}}], \"addTooltip\": true, \"times\": [], \"addTimeMarker\": false, \"addLegend\": true, \"legendPosition\": \"right\", \"type\": \"area\"}, \"title\": \"Log Level Timeline [Filebeat NATS] ECS\"}"
            },
            "id": "04083600-41af-11e9-a4da-b1df688edbcd-ecs",
            "type": "visualization",
            "updated_at": "2019-03-08T21:48:44.582Z",
            "version": 2
        },
        {
            "attributes": {
                "description": "",
                "kibanaSavedObjectMeta": {
                    "searchSourceJSON": "{\"query\": {\"query\": \"service.type: nats\", \"language\": \"kuery\"}, \"index\": \"filebeat-*\", \"filter\": []}"
                },
                "title": "Client IP Count Timeline [Filebeat NATS] ECS",
                "uiStateJSON": "{}",
                "version": 1,
                "visState": "{\"aggs\": [{\"type\": \"count\", \"id\": \"1\", \"schema\": \"metric\", \"params\": {}, \"enabled\": true}, {\"type\": \"date_histogram\", \"id\": \"2\", \"schema\": \"segment\", \"enabled\": true}, {\"type\": \"ip_range\", \"id\": \"3\", \"schema\": \"group\", \"params\": {\"ranges\": {\"mask\": [{\"mask\": \"0.0.0.0/1\"}, {\"mask\": \"128.0.0.0/2\"}], \"fromTo\": [{\"from\": \"0.0.0.0\", \"to\": \"127.255.255.255\"}, {\"from\": \"128.0.0.0\", \"to\": \"191.255.255.255\"}]}, \"field\": \"client.ip\", \"ipRangeType\": \"fromTo\"}, \"enabled\": true}], \"type\": \"line\", \"params\": {\"grid\": {\"style\": {\"color\": \"#eee\"}, \"categoryLines\": false}, \"valueAxes\": [{\"scale\": {\"mode\": \"normal\", \"type\": \"linear\"}, \"id\": \"ValueAxis-1\", \"position\": \"left\", \"style\": {}, \"show\": true, \"name\": \"LeftAxis-1\", \"labels\": {\"show\": true, \"truncate\": 100, \"rotate\": 0, \"filter\": false}, \"type\": \"value\", \"title\": {\"text\": \"Count\"}}], \"seriesParams\": [{\"valueAxis\": \"ValueAxis-1\", \"drawLinesBetweenPoints\": true, \"mode\": \"normal\", \"showCircles\": true, \"show\": \"true\", \"data\": {\"id\": \"1\", \"label\": \"Count\"}, \"type\": \"line\"}], \"categoryAxes\": [{\"scale\": {\"type\": \"linear\"}, \"id\": \"CategoryAxis-1\", \"position\": \"bottom\", \"style\": {}, \"show\": true, \"labels\": {\"show\": true, \"truncate\": 100}, \"type\": \"category\", \"title\": {}}], \"addTooltip\": true, \"times\": [], \"addTimeMarker\": false, \"addLegend\": true, \"legendPosition\": \"right\", \"type\": \"line\"}, \"title\": \"Client IP Count Timeline [Filebeat NATS] ECS\"}"
            },
            "id": "c669ae20-41ed-11e9-ac5c-71ffa38a62e3-ecs",
            "type": "visualization",
            "updated_at": "2019-03-08T22:01:50.337Z",
            "version": 1
        },
        {
            "attributes": {
                "description": "Overview of NATS server statistics",
                "hits": 0,
                "kibanaSavedObjectMeta": {
                    "searchSourceJSON": "{\"query\": {\"query\": \"\", \"language\": \"kuery\"}, \"filter\": []}"
                },
                "optionsJSON": "{\"darkTheme\": false, \"useMargins\": true, \"hidePanelTitles\": false}",
                "panelsJSON": "[{\"id\": \"6987a800-41a8-11e9-a4da-b1df688edbcd-ecs\", \"gridData\": {\"y\": 0, \"w\": 17, \"i\": \"1\", \"x\": 0, \"h\": 11}, \"embeddableConfig\": {}, \"type\": \"visualization\", \"panelIndex\": \"1\", \"version\": \"6.6.0\"}, {\"id\": \"0b2061d0-41ad-11e9-a4da-b1df688edbcd-ecs\", \"gridData\": {\"y\": 0, \"w\": 17, \"i\": \"2\", \"x\": 31, \"h\": 11}, \"embeddableConfig\": {}, \"type\": \"visualization\", \"panelIndex\": \"2\", \"version\": \"6.6.0\"}, {\"id\": \"4a6d9ec0-41a8-11e9-a4da-b1df688edbcd-ecs\", \"gridData\": {\"y\": 20, \"w\": 25, \"i\": \"3\", \"x\": 0, \"h\": 12}, \"embeddableConfig\": {}, \"type\": \"visualization\", \"panelIndex\": \"3\", \"version\": \"6.6.0\"}, {\"id\": \"c3d1ab80-41a8-11e9-a4da-b1df688edbcd-ecs\", \"gridData\": {\"y\": 11, \"w\": 12, \"i\": \"4\", \"x\": 11, \"h\": 9}, \"embeddableConfig\": {\"vis\": {\"legendOpen\": false}}, \"type\": \"visualization\", \"panelIndex\": \"4\", \"version\": \"6.6.0\"}, {\"id\": \"7716c780-41ad-11e9-a4da-b1df688edbcd-ecs\", \"gridData\": {\"y\": 11, \"w\": 11, \"i\": \"5\", \"x\": 0, \"h\": 9}, \"embeddableConfig\": {\"vis\": {\"legendOpen\": false}}, \"type\": \"visualization\", \"panelIndex\": \"5\", \"version\": \"6.6.0\"}, {\"id\": \"3f6cca40-41ae-11e9-a4da-b1df688edbcd-ecs\", \"gridData\": {\"y\": 11, \"w\": 11, \"i\": \"6\", \"x\": 37, \"h\": 9}, \"embeddableConfig\": {\"vis\": {\"legendOpen\": false}}, \"type\": \"visualization\", \"panelIndex\": \"6\", \"version\": \"6.6.0\"}, {\"id\": \"7ed62870-41ae-11e9-a4da-b1df688edbcd-ecs\", \"gridData\": {\"y\": 0, \"w\": 14, \"i\": \"7\", \"x\": 17, \"h\": 11}, \"embeddableConfig\": {\"vis\": {\"legendOpen\": false}}, \"type\": \"visualization\", \"panelIndex\": \"7\", \"version\": \"6.6.0\"}, {\"id\": \"04083600-41af-11e9-a4da-b1df688edbcd-ecs\", \"gridData\": {\"y\": 11, \"w\": 14, \"i\": \"8\", \"x\": 23, \"h\": 9}, \"embeddableConfig\": {}, \"type\": \"visualization\", \"panelIndex\": \"8\", \"version\": \"6.6.0\"}, {\"id\": \"c669ae20-41ed-11e9-ac5c-71ffa38a62e3-ecs\", \"gridData\": {\"y\": 20, \"w\": 22, \"i\": \"9\", \"x\": 25, \"h\": 12}, \"embeddableConfig\": {}, \"type\": \"visualization\", \"panelIndex\": \"9\", \"version\": \"6.6.0\"}]",
                "timeRestore": false,
                "title": "[Filebeat NATS] Overview ECS",
                "version": 1
            },
            "id": "Filebeat-nats-overview-ecs",
            "type": "dashboard",
            "updated_at": "2019-03-08T22:02:50.580Z",
            "version": 5
        }
    ],
    "version": "6.6.0"
}