{
    "objects": [
        {
            "attributes": {
                "columns": [
                    "log.level",
                    "logstash.slowlog.plugin_type",
                    "logstash.slowlog.plugin_name",
                    "logstash.slowlog.message",
                    "logstash.slowlog.plugin_params",
                    "logstash.slowlog.execution_time_ns"
                ],
                "description": "",
                "hits": 0,
                "kibanaSavedObjectMeta": {
                    "searchSourceJSON": "{\"query\": {\"query\": \"\", \"language\": \"kuery\"}, \"index\": \"filebeat-*\", \"filter\": [{\"query\": {\"match\": {\"event.module\": {\"query\": \"logstash\", \"type\": \"phrase\"}}}, \"meta\": {\"disabled\": false, \"value\": \"logstash\", \"negate\": false, \"params\": {\"query\": \"logstash\", \"type\": \"phrase\"}, \"key\": \"event.module\", \"index\": \"filebeat-*\", \"type\": \"phrase\", \"alias\": null}, \"$state\": {\"store\": \"appState\"}}, {\"query\": {\"match\": {\"fileset.name\": {\"query\": \"slowlog\", \"type\": \"phrase\"}}}, \"meta\": {\"disabled\": false, \"value\": \"slowlog\", \"negate\": false, \"params\": {\"query\": \"slowlog\", \"type\": \"phrase\"}, \"key\": \"fileset.name\", \"index\": \"filebeat-*\", \"type\": \"phrase\", \"alias\": null}, \"$state\": {\"store\": \"appState\"}}], \"highlightAll\": true, \"version\": true}"
                },
                "sort": [
                    "log.level",
                    "asc"
                ],
                "title": "Slow logs [Filebeat Logstash] ECS",
                "version": 1
            },
            "id": "742e45d0-cbdd-11e7-9852-73e0a9df1bb6-ecs",
            "type": "search",
            "version": 1
        },
        {
            "attributes": {
                "description": "",
                "kibanaSavedObjectMeta": {
                    "searchSourceJSON": "{\"query\": {\"query\": \"\", \"language\": \"kuery\"}, \"filter\": []}"
                },
                "savedSearchId": "cfaba090-cbda-11e7-9852-73e0a9df1bb6-ecs",
                "title": "Logs Severity [Filebeat Logstash] ECS",
                "uiStateJSON": "{}",
                "version": 1,
                "visState": "{\"aggs\": [{\"type\": \"count\", \"id\": \"1\", \"schema\": \"metric\", \"params\": {}, \"enabled\": true}, {\"type\": \"terms\", \"id\": \"2\", \"schema\": \"segment\", \"params\": {\"order\": \"desc\", \"orderBy\": \"1\", \"field\": \"log.level\", \"size\": 5}, \"enabled\": true}], \"type\": \"pie\", \"params\": {\"legendPosition\": \"right\", \"addTooltip\": true, \"addLegend\": true, \"type\": \"pie\", \"isDonut\": true}, \"title\": \"Logs Severity [Filebeat Logstash] ECS\"}"
            },
            "id": "0b1dace0-cbdb-11e7-9852-73e0a9df1bb6-ecs",
            "type": "visualization",
            "version": 1
        },
        {
            "attributes": {
                "description": "",
                "kibanaSavedObjectMeta": {
                    "searchSourceJSON": "{\"query\": {\"query\": \"\", \"language\": \"kuery\"}, \"filter\": []}"
                },
                "savedSearchId": "cfaba090-cbda-11e7-9852-73e0a9df1bb6-ecs",
                "title": "logs over time [Filebeat Logstash] ECS",
                "uiStateJSON": "{}",
                "version": 1,
                "visState": "{\"aggs\": [{\"type\": \"count\", \"id\": \"1\", \"schema\": \"metric\", \"params\": {}, \"enabled\": true}, {\"type\": \"date_histogram\", \"id\": \"2\", \"schema\": \"segment\", \"params\": {\"customInterval\": \"2h\", \"interval\": \"auto\", \"min_doc_count\": 1, \"field\": \"@timestamp\", \"extended_bounds\": {}}, \"enabled\": true}, {\"type\": \"terms\", \"id\": \"3\", \"schema\": \"group\", \"params\": {\"order\": \"desc\", \"orderBy\": \"1\", \"field\": \"log.level\", \"size\": 5}, \"enabled\": true}], \"type\": \"histogram\", \"params\": {\"grid\": {\"style\": {\"color\": \"#eee\"}, \"categoryLines\": false}, \"valueAxes\": [{\"scale\": {\"mode\": \"normal\", \"type\": \"linear\"}, \"id\": \"ValueAxis-1\", \"position\": \"left\", \"style\": {}, \"show\": true, \"name\": \"LeftAxis-1\", \"labels\": {\"show\": true, \"truncate\": 100, \"rotate\": 0, \"filter\": false}, \"type\": \"value\", \"title\": {\"text\": \"Count\"}}], \"seriesParams\": [{\"valueAxis\": \"ValueAxis-1\", \"drawLinesBetweenPoints\": true, \"mode\": \"stacked\", \"showCircles\": true, \"show\": \"true\", \"data\": {\"id\": \"1\", \"label\": \"Count\"}, \"type\": \"histogram\"}], \"categoryAxes\": [{\"scale\": {\"type\": \"linear\"}, \"id\": \"CategoryAxis-1\", \"position\": \"bottom\", \"style\": {}, \"show\": true, \"labels\": {\"show\": true, \"truncate\": 100}, \"type\": \"category\", \"title\": {}}], \"addTooltip\": true, \"times\": [], \"addTimeMarker\": false, \"addLegend\": true, \"legendPosition\": \"right\", \"type\": \"histogram\"}, \"title\": \"logs over time [Filebeat Logstash] ECS\"}"
            },
            "id": "e90b7240-cbda-11e7-9852-73e0a9df1bb6-ecs",
            "type": "visualization",
            "version": 1
        },
        {
            "attributes": {
                "description": "",
                "kibanaSavedObjectMeta": {
                    "searchSourceJSON": "{\"query\": {\"query\": \"\", \"language\": \"kuery\"}, \"filter\": []}"
                },
                "savedSearchId": "742e45d0-cbdd-11e7-9852-73e0a9df1bb6-ecs",
                "title": "Slowest plugins [Filebeat Logstash] ECS",
                "uiStateJSON": "{\"vis\": {\"params\": {\"sort\": {\"columnIndex\": 3, \"direction\": null}}}}",
                "version": 1,
                "visState": "{\"aggs\": [{\"type\": \"avg\", \"id\": \"6\", \"schema\": \"metric\", \"params\": {\"customLabel\": \"Average\", \"field\": \"logstash.slowlog.took_in_millis\"}, \"enabled\": true}, {\"type\": \"min\", \"id\": \"5\", \"schema\": \"metric\", \"params\": {\"customLabel\": \"Min\", \"field\": \"logstash.slowlog.took_in_millis\"}, \"enabled\": true}, {\"type\": \"terms\", \"id\": \"8\", \"schema\": \"bucket\", \"params\": {\"order\": \"desc\", \"customLabel\": \"Plugin Name\", \"orderBy\": \"5\", \"field\": \"logstash.slowlog.plugin_name\", \"size\": 5}, \"enabled\": true}, {\"type\": \"max\", \"id\": \"7\", \"schema\": \"metric\", \"params\": {\"customLabel\": \"Max\", \"field\": \"logstash.slowlog.took_in_millis\"}, \"enabled\": true}, {\"type\": \"terms\", \"id\": \"9\", \"schema\": \"bucket\", \"params\": {\"order\": \"desc\", \"customLabel\": \"Plugin Type\", \"orderBy\": \"5\", \"field\": \"logstash.slowlog.plugin_type\", \"size\": 5}, \"enabled\": true}], \"type\": \"table\", \"params\": {\"sort\": {\"columnIndex\": null, \"direction\": null}, \"showMeticsAtAllLevels\": false, \"showTotal\": false, \"totalFunc\": \"sum\", \"showPartialRows\": false, \"perPage\": 10}, \"title\": \"Slowest plugins [Filebeat Logstash] ECS\"}"
            },
            "id": "b3315630-cbdf-11e7-9852-73e0a9df1bb6-ecs",
            "type": "visualization",
            "version": 1
        },
        {
            "attributes": {
                "columns": [
                    "log.level",
                    "logstash.log.module",
                    "message",
                    "source"
                ],
                "description": "",
                "hits": 0,
                "kibanaSavedObjectMeta": {
                    "searchSourceJSON": "{\"query\": {\"query\": \"\", \"language\": \"kuery\"}, \"index\": \"filebeat-*\", \"filter\": [{\"query\": {\"match\": {\"event.module\": {\"query\": \"logstash\", \"type\": \"phrase\"}}}, \"meta\": {\"disabled\": false, \"value\": \"logstash\", \"negate\": false, \"params\": {\"query\": \"logstash\", \"type\": \"phrase\"}, \"key\": \"event.module\", \"index\": \"filebeat-*\", \"type\": \"phrase\", \"alias\": null}, \"$state\": {\"store\": \"appState\"}}, {\"query\": {\"match\": {\"fileset.name\": {\"query\": \"log\", \"type\": \"phrase\"}}}, \"meta\": {\"disabled\": false, \"value\": \"log\", \"negate\": false, \"params\": {\"query\": \"log\", \"type\": \"phrase\"}, \"key\": \"fileset.name\", \"index\": \"filebeat-*\", \"type\": \"phrase\", \"alias\": null}, \"$state\": {\"store\": \"appState\"}}], \"highlightAll\": true, \"version\": true}"
                },
                "sort": [
                    "@timestamp",
                    "desc"
                ],
                "title": "logs [Filebeat Logstash] ECS",
                "version": 1
            },
            "id": "cfaba090-cbda-11e7-9852-73e0a9df1bb6-ecs",
            "type": "search",
            "version": 1
        },
        {
            "attributes": {
                "description": "Overview of Logstash Slowlogs",
                "hits": 0,
                "kibanaSavedObjectMeta": {
                    "searchSourceJSON": "{\"query\": {\"query\": \"\", \"language\": \"kuery\"}, \"filter\": [], \"highlightAll\": true, \"version\": true}"
                },
                "optionsJSON": "{\"darkTheme\": false}",
                "panelsJSON": "[{\"sort\": [\"@timestamp\", \"desc\"], \"size_x\": 12, \"id\": \"742e45d0-cbdd-11e7-9852-73e0a9df1bb6-ecs\", \"col\": 1, \"row\": 7, \"columns\": [\"log.level\", \"logstash.slowlog.plugin_type\", \"logstash.slowlog.plugin_name\", \"logstash.slowlog.message\", \"logstash.slowlog.plugin_params\", \"logstash.slowlog.execution_time_ns\"], \"size_y\": 9, \"panelIndex\": 1, \"type\": \"search\"}, {\"size_x\": 6, \"id\": \"0b1dace0-cbdb-11e7-9852-73e0a9df1bb6-ecs\", \"col\": 7, \"row\": 1, \"size_y\": 3, \"panelIndex\": 2, \"type\": \"visualization\"}, {\"size_x\": 6, \"id\": \"e90b7240-cbda-11e7-9852-73e0a9df1bb6-ecs\", \"col\": 1, \"row\": 1, \"size_y\": 3, \"panelIndex\": 3, \"type\": \"visualization\"}, {\"size_x\": 12, \"id\": \"b3315630-cbdf-11e7-9852-73e0a9df1bb6-ecs\", \"col\": 1, \"row\": 4, \"size_y\": 3, \"panelIndex\": 4, \"type\": \"visualization\"}]",
                "timeRestore": false,
                "title": "[Filebeat Logstash] Slowlogs ECS",
                "uiStateJSON": "{\"P-4\": {\"vis\": {\"params\": {\"sort\": {\"columnIndex\": 3, \"direction\": null}}}}}",
                "version": 1
            },
            "id": "Filebeat-Logstash-Slowlog-Dashboard-ecs",
            "type": "dashboard",
            "version": 1
        }
    ],
    "version": "6.0.0"
}