{
    "objects": [
        {
            "attributes": {
                "description": "",
                "kibanaSavedObjectMeta": {
                    "searchSourceJSON": "{\"filter\": []}"
                },
                "savedSearchId": "Apache-access-logs-ecs",
                "title": "Unique IPs map [Filebeat Apache] ECS",
                "uiStateJSON": "{\"mapCenter\": [14.944784875088372, 5.09765625]}",
                "version": 1,
                "visState": "{\"aggs\": [{\"type\": \"cardinality\", \"id\": \"1\", \"schema\": \"metric\", \"params\": {\"field\": \"source.address\"}, \"enabled\": true}, {\"type\": \"geohash_grid\", \"id\": \"2\", \"schema\": \"segment\", \"params\": {\"field\": \"source.geo.location\", \"autoPrecision\": true}, \"enabled\": true}], \"listeners\": {}, \"type\": \"tile_map\", \"params\": {\"heatMaxZoom\": 16, \"heatMinOpacity\": 0.1, \"mapCenter\": [15, 5], \"mapZoom\": 2, \"isDesaturated\": true, \"wms\": {\"options\": {\"version\": \"1.3.0\", \"layers\": \"0\", \"format\": \"image/png\", \"transparent\": true, \"attribution\": \"Maps provided by USGS\", \"styles\": \"\"}, \"url\": \"https://basemap.nationalmap.gov/arcgis/services/USGSTopo/MapServer/WMSServer\", \"enabled\": false}, \"addTooltip\": true, \"heatRadius\": 25, \"heatBlur\": 15, \"legendPosition\": \"bottomright\", \"heatNormalizeData\": true, \"mapType\": \"Scaled Circle Markers\"}, \"title\": \"Apache access unique IPs map ECS\"}"
            },
            "id": "Apache-access-unique-IPs-map-ecs",
            "type": "visualization",
            "version": 1
        },
        {
            "attributes": {
                "description": "",
                "kibanaSavedObjectMeta": {
                    "searchSourceJSON": "{\"filter\": []}"
                },
                "savedSearchId": "Apache-access-logs-ecs",
                "title": "Top URLs by response code [Filebeat Apache] ECS",
                "uiStateJSON": "{\"vis\": {\"colors\": {\"200\": \"#7EB26D\", \"404\": \"#EF843C\"}}}",
                "version": 1,
                "visState": "{\"aggs\": [{\"type\": \"count\", \"id\": \"1\", \"schema\": \"metric\", \"params\": {}, \"enabled\": true}, {\"type\": \"terms\", \"id\": \"3\", \"schema\": \"split\", \"params\": {\"size\": 5, \"customLabel\": \"URL\", \"order\": \"desc\", \"row\": false, \"orderBy\": \"1\", \"field\": \"url.original\"}, \"enabled\": true}, {\"type\": \"terms\", \"id\": \"2\", \"schema\": \"segment\", \"params\": {\"order\": \"desc\", \"orderBy\": \"1\", \"field\": \"http.response.status_code\", \"size\": 5}, \"enabled\": true}], \"listeners\": {}, \"type\": \"pie\", \"params\": {\"legendPosition\": \"right\", \"addTooltip\": true, \"addLegend\": true, \"shareYAxis\": true, \"isDonut\": false}, \"title\": \"Apache response codes of top URLs ECS\"}"
            },
            "id": "Apache-response-codes-of-top-URLs-ecs",
            "type": "visualization",
            "version": 1
        },
        {
            "attributes": {
                "description": "",
                "kibanaSavedObjectMeta": {
                    "searchSourceJSON": "{\"filter\": []}"
                },
                "savedSearchId": "Apache-access-logs-ecs",
                "title": "Browsers breakdown [Filebeat Apache] ECS",
                "uiStateJSON": "{}",
                "version": 1,
                "visState": "{\"aggs\": [{\"type\": \"cardinality\", \"id\": \"1\", \"schema\": \"metric\", \"params\": {\"field\": \"source.address\"}, \"enabled\": true}, {\"type\": \"terms\", \"id\": \"2\", \"schema\": \"segment\", \"params\": {\"order\": \"desc\", \"orderBy\": \"1\", \"field\": \"user_agent.name\", \"size\": 5}, \"enabled\": true}, {\"type\": \"terms\", \"id\": \"3\", \"schema\": \"segment\", \"params\": {\"order\": \"desc\", \"orderBy\": \"1\", \"field\": \"user_agent.version\", \"size\": 5}, \"enabled\": true}], \"listeners\": {}, \"type\": \"pie\", \"params\": {\"legendPosition\": \"bottom\", \"addTooltip\": true, \"addLegend\": true, \"shareYAxis\": true, \"isDonut\": true}, \"title\": \"Apache browsers ECS\"}"
            },
            "id": "Apache-browsers-ecs",
            "type": "visualization",
            "version": 1
        },
        {
            "attributes": {
                "description": "",
                "kibanaSavedObjectMeta": {
                    "searchSourceJSON": "{\"filter\": []}"
                },
                "savedSearchId": "Apache-access-logs-ecs",
                "title": "Operating systems breakdown [Filebeat Apache] ECS",
                "uiStateJSON": "{}",
                "version": 1,
                "visState": "{\"aggs\": [{\"type\": \"cardinality\", \"id\": \"1\", \"schema\": \"metric\", \"params\": {\"field\": \"source.address\"}, \"enabled\": true}, {\"type\": \"terms\", \"id\": \"2\", \"schema\": \"segment\", \"params\": {\"order\": \"desc\", \"orderBy\": \"1\", \"field\": \"user_agent.os.name\", \"size\": 5}, \"enabled\": true}, {\"type\": \"terms\", \"id\": \"3\", \"schema\": \"segment\", \"params\": {\"order\": \"desc\", \"orderBy\": \"1\", \"field\": \"user_agent.os.version\", \"size\": 5}, \"enabled\": true}], \"listeners\": {}, \"type\": \"pie\", \"params\": {\"legendPosition\": \"bottom\", \"addTooltip\": true, \"addLegend\": true, \"shareYAxis\": true, \"isDonut\": true}, \"title\": \"Apache operating systems ECS\"}"
            },
            "id": "Apache-operating-systems-ecs",
            "type": "visualization",
            "version": 1
        },
        {
            "attributes": {
                "description": "",
                "kibanaSavedObjectMeta": {
                    "searchSourceJSON": "{\"filter\": []}"
                },
                "savedSearchId": "Apache-errors-log-ecs",
                "title": "Error logs over time [Filebeat Apache] ECS",
                "uiStateJSON": "{}",
                "version": 1,
                "visState": "{\"aggs\": [{\"type\": \"count\", \"id\": \"1\", \"schema\": \"metric\", \"params\": {}, \"enabled\": true}, {\"type\": \"date_histogram\", \"id\": \"2\", \"schema\": \"segment\", \"params\": {\"customInterval\": \"2h\", \"interval\": \"auto\", \"min_doc_count\": 1, \"field\": \"@timestamp\", \"extended_bounds\": {}}, \"enabled\": true}, {\"type\": \"terms\", \"id\": \"3\", \"schema\": \"group\", \"params\": {\"order\": \"desc\", \"orderBy\": \"1\", \"field\": \"log.level\", \"size\": 5}, \"enabled\": true}], \"listeners\": {}, \"type\": \"histogram\", \"params\": {\"mode\": \"stacked\", \"defaultYExtents\": false, \"addLegend\": true, \"addTimeMarker\": false, \"times\": [], \"addTooltip\": true, \"setYExtents\": false, \"shareYAxis\": true, \"legendPosition\": \"right\", \"scale\": \"linear\", \"yAxis\": {}}, \"title\": \"Apache error logs over time ECS\"}"
            },
            "id": "Apache-error-logs-over-time-ecs",
            "type": "visualization",
            "version": 1
        },
        {
            "attributes": {
                "description": "",
                "kibanaSavedObjectMeta": {
                    "searchSourceJSON": "{\"filter\": []}"
                },
                "savedSearchId": "Apache-access-logs-ecs",
                "title": "Response codes over time [Filebeat Apache] ECS",
                "uiStateJSON": "{\"vis\": {\"colors\": {\"200\": \"#629E51\", \"404\": \"#EF843C\"}}}",
                "version": 1,
                "visState": "{\"aggs\": [{\"type\": \"count\", \"id\": \"1\", \"schema\": \"metric\", \"params\": {}, \"enabled\": true}, {\"type\": \"date_histogram\", \"id\": \"2\", \"schema\": \"segment\", \"params\": {\"customInterval\": \"2h\", \"interval\": \"auto\", \"min_doc_count\": 1, \"field\": \"@timestamp\", \"extended_bounds\": {}}, \"enabled\": true}, {\"type\": \"terms\", \"id\": \"3\", \"schema\": \"group\", \"params\": {\"order\": \"desc\", \"orderBy\": \"1\", \"field\": \"http.response.status_code\", \"size\": 5}, \"enabled\": true}], \"listeners\": {}, \"type\": \"histogram\", \"params\": {\"mode\": \"stacked\", \"defaultYExtents\": false, \"addLegend\": true, \"addTimeMarker\": false, \"times\": [], \"addTooltip\": true, \"setYExtents\": false, \"shareYAxis\": true, \"legendPosition\": \"right\", \"scale\": \"linear\", \"yAxis\": {}}, \"title\": \"Apache response codes over time ECS\"}"
            },
            "id": "Apache-response-codes-over-time-ecs",
            "type": "visualization",
            "version": 1
        },
        {
            "attributes": {
                "columns": [
                    "source.address",
                    "log.level",
                    "apache2.error.module",
                    "message"
                ],
                "description": "",
                "hits": 0,
                "kibanaSavedObjectMeta": {
                    "searchSourceJSON": "{\"query\": {\"query\": \"event.dataset:apache.error\", \"language\": \"kuery\"}, \"highlight\": {\"fragment_size\": 2147483647, \"fields\": {\"*\": {}}, \"require_field_match\": false, \"pre_tags\": [\"@kibana-highlighted-field@\"], \"post_tags\": [\"@/kibana-highlighted-field@\"]}, \"filter\": [], \"index\": \"filebeat-*\"}"
                },
                "sort": [
                    "@timestamp",
                    "desc"
                ],
                "title": "Apache errors log [Filebeat Apache] ECS",
                "version": 1
            },
            "id": "Apache-errors-log-ecs",
            "type": "search",
            "version": 1
        },
        {
            "attributes": {
                "columns": [
                    "source.address",
                    "http.request.method",
                    "url.original",
                    "http.response.status_code"
                ],
                "description": "",
                "hits": 0,
                "kibanaSavedObjectMeta": {
                    "searchSourceJSON": "{\"query\": {\"query\": \"event.dataset:apache.access\", \"language\": \"kuery\"}, \"highlight\": {\"fragment_size\": 2147483647, \"fields\": {\"*\": {}}, \"require_field_match\": false, \"pre_tags\": [\"@kibana-highlighted-field@\"], \"post_tags\": [\"@/kibana-highlighted-field@\"]}, \"filter\": [], \"index\": \"filebeat-*\"}"
                },
                "sort": [
                    "@timestamp",
                    "desc"
                ],
                "title": "Apache access logs [Filebeat Apache] ECS",
                "version": 1
            },
            "id": "Apache-access-logs-ecs",
            "type": "search",
            "version": 1
        },
        {
            "attributes": {
                "description": "Filebeat Apache module dashboard",
                "hits": 0,
                "kibanaSavedObjectMeta": {
                    "searchSourceJSON": "{\"query\": {\"query\": \"\", \"language\": \"kuery\"}, \"filter\": [], \"highlightAll\": true, \"version\": true}"
                },
                "optionsJSON": "{\"darkTheme\": false}",
                "panelsJSON": "[{\"size_x\": 12, \"id\": \"Apache-access-unique-IPs-map-ecs\", \"col\": 1, \"row\": 1, \"size_y\": 3, \"panelIndex\": 1, \"type\": \"visualization\"}, {\"size_x\": 8, \"id\": \"Apache-response-codes-of-top-URLs-ecs\", \"col\": 1, \"row\": 6, \"size_y\": 3, \"panelIndex\": 2, \"type\": \"visualization\"}, {\"size_x\": 4, \"id\": \"Apache-browsers-ecs\", \"col\": 9, \"row\": 6, \"size_y\": 3, \"panelIndex\": 3, \"type\": \"visualization\"}, {\"size_x\": 2, \"id\": \"Apache-operating-systems-ecs\", \"col\": 11, \"row\": 4, \"size_y\": 2, \"panelIndex\": 4, \"type\": \"visualization\"}, {\"size_x\": 12, \"id\": \"Apache-error-logs-over-time-ecs\", \"col\": 1, \"row\": 9, \"size_y\": 2, \"panelIndex\": 5, \"type\": \"visualization\"}, {\"size_x\": 10, \"id\": \"Apache-response-codes-over-time-ecs\", \"col\": 1, \"row\": 4, \"size_y\": 2, \"panelIndex\": 6, \"type\": \"visualization\"}, {\"sort\": [\"@timestamp\", \"desc\"], \"size_x\": 12, \"id\": \"Apache-errors-log-ecs\", \"col\": 1, \"row\": 11, \"columns\": [\"source.address\", \"log.level\", \"apache2.error.module\", \"message\"], \"size_y\": 3, \"panelIndex\": 7, \"type\": \"search\"}]",
                "timeRestore": false,
                "title": "[Filebeat Apache] Access and error logs ECS",
                "uiStateJSON": "{\"P-1\": {\"mapBounds\": {\"bottom_right\": {\"lon\": 205.3125, \"lat\": -3.864254615721396}, \"top_left\": {\"lon\": -205.6640625, \"lat\": 67.7427590666639}}, \"mapCenter\": [40.713955826286046, -0.17578125], \"mapCollar\": {\"zoom\": 2, \"bottom_right\": {\"lon\": 180, \"lat\": -39.667755}, \"top_left\": {\"lon\": -180, \"lat\": 90}}, \"mapZoom\": 2}}",
                "version": 1
            },
            "id": "Filebeat-Apache-Dashboard-ecs",
            "type": "dashboard",
            "version": 2
        }
    ],
    "version": "6.0.0-beta1-SNAPSHOT"
}