{
    "objects": [
        {
            "attributes": {
                "description": "",
                "kibanaSavedObjectMeta": {
                    "searchSourceJSON": "{\"query\": {\"query\": \"\", \"language\": \"kuery\"}, \"index\": \"filebeat-*\", \"filter\": []}"
                },
                "title": "Event types breakdown [Filebeat Auditd] ECS",
                "uiStateJSON": "{}",
                "version": 1,
                "visState": "{\"aggs\": [{\"type\": \"count\", \"id\": \"1\", \"schema\": \"metric\", \"params\": {}, \"enabled\": true}, {\"type\": \"terms\", \"id\": \"2\", \"schema\": \"segment\", \"params\": {\"order\": \"desc\", \"orderBy\": \"1\", \"field\": \"event.action\", \"size\": 50}, \"enabled\": true}], \"listeners\": {}, \"type\": \"pie\", \"params\": {\"legendPosition\": \"right\", \"addTooltip\": true, \"addLegend\": true, \"isDonut\": true}, \"title\": \"Audit Event Types ECS\"}"
            },
            "id": "6295bdd0-0a0e-11e7-825f-6748cda7d858-ecs",
            "type": "visualization",
            "version": 2
        },
        {
            "attributes": {
                "description": "",
                "kibanaSavedObjectMeta": {
                    "searchSourceJSON": "{\"query\": {\"query\": \"event.action:EXECVE\", \"language\": \"kuery\"}, \"index\": \"filebeat-*\", \"filter\": []}"
                },
                "title": "Top Exec Commands [Filebeat Auditd] ECS",
                "uiStateJSON": "{\"vis\": {\"params\": {\"sort\": {\"columnIndex\": null, \"direction\": null}}}}",
                "version": 1,
                "visState": "{\"aggs\": [{\"type\": \"count\", \"id\": \"1\", \"schema\": \"metric\", \"params\": {}, \"enabled\": true}, {\"type\": \"terms\", \"id\": \"2\", \"schema\": \"bucket\", \"params\": {\"order\": \"desc\", \"customLabel\": \"Command (arg 0)\", \"orderBy\": \"1\", \"field\": \"auditd.log.a0\", \"size\": 30}, \"enabled\": true}], \"listeners\": {}, \"type\": \"table\", \"params\": {\"sort\": {\"columnIndex\": null, \"direction\": null}, \"showMeticsAtAllLevels\": false, \"showTotal\": false, \"totalFunc\": \"sum\", \"showPartialRows\": false, \"perPage\": 10}, \"title\": \"Audit Top Exec Commands ECS\"}"
            },
            "id": "5ebdbe50-0a0f-11e7-825f-6748cda7d858-ecs",
            "type": "visualization",
            "version": 2
        },
        {
            "attributes": {
                "description": "",
                "kibanaSavedObjectMeta": {
                    "searchSourceJSON": "{}"
                },
                "title": "Event Results [Filebeat Auditd] ECS",
                "uiStateJSON": "{}",
                "version": 1,
                "visState": "{\"aggs\": [], \"type\": \"timelion\", \"params\": {\"expression\": \".es(q=\\\"event.dataset:auditd.log NOT event.outcome:failure\\\").label(\\\"Success\\\"), .es(q=\\\"event.outcome:failed\\\").label(\\\"Failure\\\").title(\\\"Audit Event Results\\\")\", \"interval\": \"auto\"}, \"title\": \"Event Results [Filebeat Auditd] ECS\"}"
            },
            "id": "2bb0fa70-0a11-11e7-9e84-43da493ad0c7-ecs",
            "type": "visualization",
            "version": 2
        },
        {
            "attributes": {
                "description": "",
                "kibanaSavedObjectMeta": {
                    "searchSourceJSON": "{\"query\": {\"query\": \"\", \"language\": \"kuery\"}, \"index\": \"filebeat-*\", \"filter\": []}"
                },
                "title": "Event Address Geo Location [Filebeat Auditd] ECS",
                "uiStateJSON": "{}",
                "version": 1,
                "visState": "{\"aggs\": [{\"type\": \"count\", \"id\": \"1\", \"schema\": \"metric\", \"params\": {}, \"enabled\": true}, {\"type\": \"geohash_grid\", \"id\": \"2\", \"schema\": \"segment\", \"params\": {\"precision\": 2, \"field\": \"source.geo.location\", \"autoPrecision\": true}, \"enabled\": true}], \"listeners\": {}, \"type\": \"tile_map\", \"params\": {\"heatMaxZoom\": 16, \"heatMinOpacity\": 0.1, \"mapCenter\": [15, 5], \"mapZoom\": 2, \"isDesaturated\": true, \"wms\": {\"options\": {\"version\": \"1.3.0\", \"layers\": \"0\", \"format\": \"image/png\", \"transparent\": true, \"attribution\": \"Maps provided by USGS\", \"styles\": \"\"}, \"url\": \"https://basemap.nationalmap.gov/arcgis/services/USGSTopo/MapServer/WMSServer\", \"enabled\": false}, \"addTooltip\": true, \"heatRadius\": 25, \"heatBlur\": 15, \"legendPosition\": \"bottomright\", \"heatNormalizeData\": true, \"mapType\": \"Scaled Circle Markers\"}, \"title\": \"Audit Event Address Geo Location ECS\"}"
            },
            "id": "d1726930-0a7f-11e7-8b04-eb22a5669f27-ecs",
            "type": "visualization",
            "version": 2
        },
        {
            "attributes": {
                "description": "",
                "kibanaSavedObjectMeta": {
                    "searchSourceJSON": "{\"query\": {\"query\": \"\", \"language\": \"kuery\"}, \"index\": \"filebeat-*\", \"filter\": []}"
                },
                "title": "Event Account Tag Cloud [Filebeat Auditd] ECS",
                "uiStateJSON": "{}",
                "version": 1,
                "visState": "{\"aggs\": [{\"type\": \"count\", \"id\": \"1\", \"schema\": \"metric\", \"params\": {}, \"enabled\": true}, {\"type\": \"terms\", \"id\": \"2\", \"schema\": \"segment\", \"params\": {\"order\": \"desc\", \"orderBy\": \"1\", \"field\": \"user.name\", \"size\": 15}, \"enabled\": true}], \"listeners\": {}, \"type\": \"tagcloud\", \"params\": {\"orientation\": \"single\", \"maxFontSize\": 42, \"scale\": \"linear\", \"minFontSize\": 15, \"hideLabel\": false}, \"title\": \"Audit Event Account Tag Cloud ECS\"}"
            },
            "id": "c5411910-0a87-11e7-8b04-eb22a5669f27-ecs",
            "type": "visualization",
            "version": 2
        },
        {
            "attributes": {
                "columns": [
                    "event.action",
                    "auditd.log.sequence",
                    "user.name"
                ],
                "description": "",
                "hits": 0,
                "kibanaSavedObjectMeta": {
                    "searchSourceJSON": "{\"query\": {\"query\": \"event.dataset:auditd.log\", \"language\": \"kuery\"}, \"index\": \"filebeat-*\", \"filter\": [], \"highlightAll\": true, \"version\": true}"
                },
                "sort": [
                    "@timestamp",
                    "desc"
                ],
                "title": "Audit Events [Filebeat Auditd] ECS",
                "version": 1
            },
            "id": "4ac0a370-0a11-11e7-8b04-eb22a5669f27-ecs",
            "type": "search",
            "version": 2
        },
        {
            "attributes": {
                "description": "Dashboard for the Auditd Filebeat module",
                "hits": 0,
                "kibanaSavedObjectMeta": {
                    "searchSourceJSON": "{\"query\": {\"query\": \"\", \"language\": \"kuery\"}, \"filter\": [], \"highlightAll\": true, \"version\": true}"
                },
                "optionsJSON": "{\"darkTheme\": false}",
                "panelsJSON": "[{\"size_x\": 4, \"id\": \"6295bdd0-0a0e-11e7-825f-6748cda7d858-ecs\", \"col\": 1, \"row\": 1, \"size_y\": 4, \"panelIndex\": 1, \"type\": \"visualization\"}, {\"size_x\": 4, \"id\": \"5ebdbe50-0a0f-11e7-825f-6748cda7d858-ecs\", \"col\": 9, \"row\": 1, \"size_y\": 4, \"panelIndex\": 2, \"type\": \"visualization\"}, {\"size_x\": 6, \"id\": \"2bb0fa70-0a11-11e7-9e84-43da493ad0c7-ecs\", \"col\": 1, \"row\": 5, \"size_y\": 3, \"panelIndex\": 3, \"type\": \"visualization\"}, {\"size_x\": 6, \"id\": \"d1726930-0a7f-11e7-8b04-eb22a5669f27-ecs\", \"col\": 7, \"row\": 5, \"size_y\": 3, \"panelIndex\": 5, \"type\": \"visualization\"}, {\"size_x\": 4, \"id\": \"c5411910-0a87-11e7-8b04-eb22a5669f27-ecs\", \"col\": 5, \"row\": 1, \"size_y\": 4, \"panelIndex\": 6, \"type\": \"visualization\"}, {\"sort\": [\"@timestamp\", \"desc\"], \"size_x\": 12, \"id\": \"4ac0a370-0a11-11e7-8b04-eb22a5669f27-ecs\", \"col\": 1, \"row\": 8, \"columns\": [\"event.action\", \"auditd.log.sequence\", \"user.name\"], \"size_y\": 3, \"panelIndex\": 7, \"type\": \"search\"}]",
                "timeRestore": false,
                "title": "[Filebeat Auditd] Audit Events ECS",
                "uiStateJSON": "{\"P-5\": {\"mapBounds\": {\"bottom_right\": {\"lon\": 102.65625, \"lat\": -43.580390855607845}, \"top_left\": {\"lon\": -102.3046875, \"lat\": 43.58039085560784}}, \"mapCollar\": {\"zoom\": 2, \"bottom_right\": {\"lon\": 180, \"lat\": -87.16078}, \"top_left\": {\"lon\": -180, \"lat\": 87.16078}}, \"mapZoom\": 2}, \"P-2\": {\"vis\": {\"params\": {\"sort\": {\"columnIndex\": null, \"direction\": null}}}}}",
                "version": 1
            },
            "id": "dfbb49f0-0a0f-11e7-8a62-2d05eaaac5cb-ecs",
            "type": "dashboard",
            "version": 4
        }
    ],
    "version": "6.0.0-beta1-SNAPSHOT"
}