{
    "objects": [
        {
            "attributes": {
                "description": "",
                "kibanaSavedObjectMeta": {
                    "searchSourceJSON": "{\"query\": {\"query\": \"\", \"language\": \"kuery\"}, \"index\": \"filebeat-*\", \"filter\": []}"
                },
                "title": "Browsers breakdown [Filebeat Traefik] ECS",
                "uiStateJSON": "{}",
                "version": 1,
                "visState": "{\"aggs\": [{\"type\": \"count\", \"id\": \"1\", \"schema\": \"metric\", \"params\": {}, \"enabled\": true}, {\"type\": \"terms\", \"id\": \"2\", \"schema\": \"segment\", \"params\": {\"order\": \"desc\", \"orderBy\": \"1\", \"field\": \"user_agent.name\", \"size\": 5}, \"enabled\": true}, {\"type\": \"terms\", \"id\": \"3\", \"schema\": \"segment\", \"params\": {\"order\": \"desc\", \"orderBy\": \"1\", \"field\": \"user_agent.version\", \"size\": 5}, \"enabled\": true}], \"listeners\": {}, \"type\": \"pie\", \"params\": {\"legendPosition\": \"bottom\", \"addTooltip\": true, \"addLegend\": true, \"shareYAxis\": true, \"isDonut\": true}, \"title\": \"Traefik Access Browsers ECS\"}"
            },
            "id": "Traefik-Access-Browsers-ecs",
            "type": "visualization",
            "version": 2
        },
        {
            "attributes": {
                "description": "",
                "kibanaSavedObjectMeta": {
                    "searchSourceJSON": "{\"query\": {\"query\": \"\", \"language\": \"kuery\"}, \"index\": \"filebeat-*\", \"filter\": []}"
                },
                "title": "Operating systems breakdown [Filebeat Traefik] ECS",
                "uiStateJSON": "{}",
                "version": 1,
                "visState": "{\"aggs\": [{\"type\": \"count\", \"id\": \"1\", \"schema\": \"metric\", \"params\": {}, \"enabled\": true}, {\"type\": \"terms\", \"id\": \"2\", \"schema\": \"segment\", \"params\": {\"order\": \"desc\", \"orderBy\": \"1\", \"field\": \"user_agent.os.name\", \"size\": 5}, \"enabled\": true}, {\"type\": \"terms\", \"id\": \"3\", \"schema\": \"segment\", \"params\": {\"order\": \"desc\", \"orderBy\": \"1\", \"field\": \"user_agent.os.version\", \"size\": 5}, \"enabled\": true}], \"listeners\": {}, \"type\": \"pie\", \"params\": {\"legendPosition\": \"bottom\", \"addTooltip\": true, \"addLegend\": true, \"shareYAxis\": true, \"isDonut\": true}, \"title\": \"Traefik Access OSes ECS\"}"
            },
            "id": "Traefik-Access-OSes-ecs",
            "type": "visualization",
            "version": 2
        },
        {
            "attributes": {
                "description": "",
                "kibanaSavedObjectMeta": {
                    "searchSourceJSON": "{\"filter\": []}"
                },
                "savedSearchId": "Filebeat-Traefik-module-ecs",
                "title": "Response codes over time [Filebeat Traefik] ECS",
                "uiStateJSON": "{\"vis\": {\"colors\": {\"200\": \"#7EB26D\", \"404\": \"#614D93\"}}}",
                "version": 1,
                "visState": "{\"aggs\": [{\"type\": \"count\", \"id\": \"1\", \"schema\": \"metric\", \"params\": {}, \"enabled\": true}, {\"type\": \"date_histogram\", \"id\": \"2\", \"schema\": \"segment\", \"params\": {\"customInterval\": \"2h\", \"interval\": \"auto\", \"min_doc_count\": 1, \"field\": \"@timestamp\", \"extended_bounds\": {}}, \"enabled\": true}, {\"type\": \"terms\", \"id\": \"3\", \"schema\": \"group\", \"params\": {\"order\": \"desc\", \"orderBy\": \"1\", \"field\": \"http.response.status_code\", \"size\": 5}, \"enabled\": true}], \"listeners\": {}, \"type\": \"histogram\", \"params\": {\"mode\": \"stacked\", \"defaultYExtents\": false, \"addLegend\": true, \"addTimeMarker\": false, \"times\": [], \"addTooltip\": true, \"setYExtents\": false, \"shareYAxis\": true, \"legendPosition\": \"right\", \"scale\": \"linear\", \"yAxis\": {}}, \"title\": \"New Visualization ECS\"}"
            },
            "id": "New-Visualization-ecs",
            "type": "visualization",
            "version": 2
        },
        {
            "attributes": {
                "description": "",
                "kibanaSavedObjectMeta": {
                    "searchSourceJSON": "{\"query\": {\"query\": \"\", \"language\": \"kuery\"}, \"index\": \"filebeat-*\", \"filter\": []}"
                },
                "title": "Response codes by top URLs [Filebeat Traefik] ECS",
                "uiStateJSON": "{\"vis\": {\"colors\": {\"200\": \"#629E51\", \"404\": \"#0A50A1\"}}}",
                "version": 1,
                "visState": "{\"aggs\": [{\"type\": \"count\", \"id\": \"1\", \"schema\": \"metric\", \"params\": {}, \"enabled\": true}, {\"type\": \"terms\", \"id\": \"2\", \"schema\": \"split\", \"params\": {\"order\": \"desc\", \"row\": false, \"orderBy\": \"1\", \"field\": \"url.original\", \"size\": 5}, \"enabled\": true}, {\"type\": \"terms\", \"id\": \"3\", \"schema\": \"segment\", \"params\": {\"order\": \"desc\", \"orderBy\": \"1\", \"field\": \"http.response.status_code\", \"size\": 5}, \"enabled\": true}], \"listeners\": {}, \"type\": \"pie\", \"params\": {\"legendPosition\": \"right\", \"addTooltip\": true, \"addLegend\": true, \"shareYAxis\": true, \"isDonut\": false}, \"title\": \"Traefik Access Response codes by top URLs ECS\"}"
            },
            "id": "Traefik-Access-Response-codes-by-top-URLs-ecs",
            "type": "visualization",
            "version": 2
        },
        {
            "attributes": {
                "description": "",
                "kibanaSavedObjectMeta": {
                    "searchSourceJSON": "{\"query\": {\"query\": \"event.dataset:traefik.access\", \"language\": \"kuery\"}, \"highlight\": {\"fragment_size\": 2147483647, \"fields\": {\"*\": {}}, \"require_field_match\": false, \"pre_tags\": [\"@kibana-highlighted-field@\"], \"post_tags\": [\"@/kibana-highlighted-field@\"]}, \"filter\": [], \"index\": \"filebeat-*\"}"
                },
                "title": "Sent Byte Size [Filebeat Traefik] ECS",
                "uiStateJSON": "{}",
                "version": 1,
                "visState": "{\"aggs\": [{\"type\": \"sum\", \"id\": \"1\", \"schema\": \"metric\", \"params\": {\"customLabel\": \"Data sent\", \"field\": \"http.response.body.bytes\"}, \"enabled\": true}, {\"type\": \"date_histogram\", \"id\": \"2\", \"schema\": \"segment\", \"params\": {\"customInterval\": \"2h\", \"interval\": \"auto\", \"min_doc_count\": 1, \"field\": \"@timestamp\", \"extended_bounds\": {}}, \"enabled\": true}, {\"type\": \"count\", \"id\": \"3\", \"schema\": \"radius\", \"params\": {}, \"enabled\": true}], \"listeners\": {}, \"type\": \"line\", \"params\": {\"scale\": \"linear\", \"smoothLines\": true, \"yAxis\": {}, \"showCircles\": true, \"addLegend\": true, \"shareYAxis\": true, \"drawLinesBetweenPoints\": true, \"setYExtents\": false, \"interpolate\": \"linear\", \"defaultYExtents\": false, \"addTimeMarker\": false, \"addTooltip\": true, \"times\": [], \"legendPosition\": \"right\", \"radiusRatio\": \"17\"}, \"title\": \"Sent sizes ECS\"}"
            },
            "id": "Sent-sizes-ecs",
            "type": "visualization",
            "version": 2
        },
        {
            "attributes": {
                "description": "",
                "kibanaSavedObjectMeta": {
                    "searchSourceJSON": "{\"filter\": []}"
                },
                "savedSearchId": "Filebeat-Traefik-module-ecs",
                "title": "Access Map [Filebeat Traefik] ECS",
                "uiStateJSON": "{\"mapCenter\": [12.039320557540572, -0.17578125]}",
                "version": 1,
                "visState": "{\"aggs\": [{\"type\": \"count\", \"id\": \"1\", \"schema\": \"metric\", \"params\": {}, \"enabled\": true}, {\"type\": \"geohash_grid\", \"id\": \"2\", \"schema\": \"segment\", \"params\": {\"field\": \"source.geo.location\", \"autoPrecision\": true}, \"enabled\": true}], \"listeners\": {}, \"type\": \"tile_map\", \"params\": {\"heatMaxZoom\": 16, \"heatMinOpacity\": 0.1, \"mapCenter\": [15, 5], \"mapZoom\": 2, \"isDesaturated\": true, \"wms\": {\"options\": {\"version\": \"1.3.0\", \"layers\": \"0\", \"format\": \"image/png\", \"transparent\": true, \"attribution\": \"Maps provided by USGS\", \"styles\": \"\"}, \"url\": \"https://basemap.nationalmap.gov/arcgis/services/USGSTopo/MapServer/WMSServer\", \"enabled\": false}, \"addTooltip\": true, \"heatRadius\": 25, \"heatBlur\": 15, \"legendPosition\": \"bottomright\", \"heatNormalizeData\": true, \"mapType\": \"Scaled Circle Markers\"}, \"title\": \"Traefik Access Map ECS\"}"
            },
            "id": "Traefik-Access-Map-ecs",
            "type": "visualization",
            "version": 2
        },
        {
            "attributes": {
                "columns": [
                    "_source"
                ],
                "description": "",
                "hits": 0,
                "kibanaSavedObjectMeta": {
                    "searchSourceJSON": "{\"query\": {\"query\": \"event.module:traefik\", \"language\": \"kuery\"}, \"highlight\": {\"fragment_size\": 2147483647, \"fields\": {\"*\": {}}, \"require_field_match\": false, \"pre_tags\": [\"@kibana-highlighted-field@\"], \"post_tags\": [\"@/kibana-highlighted-field@\"]}, \"filter\": [], \"index\": \"filebeat-*\"}"
                },
                "sort": [
                    "@timestamp",
                    "desc"
                ],
                "title": "Traefik logs [Filebeat Traefik] ECS",
                "version": 1
            },
            "id": "Filebeat-Traefik-module-ecs",
            "type": "search",
            "version": 2
        },
        {
            "attributes": {
                "description": "Dashboard for the Filebeat Traefik module",
                "hits": 0,
                "kibanaSavedObjectMeta": {
                    "searchSourceJSON": "{\"query\": {\"query\": \"\", \"language\": \"kuery\"}, \"filter\": []}"
                },
                "optionsJSON": "{\"darkTheme\": false}",
                "panelsJSON": "[{\"size_x\": 4, \"id\": \"Traefik-Access-Browsers-ecs\", \"col\": 1, \"row\": 10, \"size_y\": 4, \"panelIndex\": 3, \"type\": \"visualization\"}, {\"size_x\": 4, \"id\": \"Traefik-Access-OSes-ecs\", \"col\": 5, \"row\": 10, \"size_y\": 4, \"panelIndex\": 4, \"type\": \"visualization\"}, {\"size_x\": 12, \"id\": \"New-Visualization-ecs\", \"col\": 1, \"row\": 4, \"size_y\": 3, \"panelIndex\": 5, \"type\": \"visualization\"}, {\"size_x\": 12, \"id\": \"Traefik-Access-Response-codes-by-top-URLs-ecs\", \"col\": 1, \"row\": 7, \"size_y\": 3, \"panelIndex\": 6, \"type\": \"visualization\"}, {\"size_x\": 4, \"id\": \"Sent-sizes-ecs\", \"col\": 9, \"row\": 10, \"size_y\": 4, \"panelIndex\": 7, \"type\": \"visualization\"}, {\"size_x\": 12, \"id\": \"Traefik-Access-Map-ecs\", \"col\": 1, \"row\": 1, \"size_y\": 3, \"panelIndex\": 8, \"type\": \"visualization\"}]",
                "timeRestore": false,
                "title": "[Filebeat Traefik] Access logs ECS",
                "uiStateJSON": "{\"P-8\": {\"mapCenter\": [50.51342652633956, -0.17578125]}, \"P-4\": {\"vis\": {\"legendOpen\": true}}}",
                "version": 1
            },
            "id": "Filebeat-Traefik-Dashboard-ecs",
            "type": "dashboard",
            "version": 3
        }
    ],
    "version": "6.0.0-beta1-SNAPSHOT"
}