{
    "objects": [
        {
            "attributes": {
                "description": "",
                "kibanaSavedObjectMeta": {
                    "searchSourceJSON": "{\"query\": {\"query\": \"\", \"language\": \"kuery\"}, \"index\": \"filebeat-*\", \"filter\": []}"
                },
                "title": "Access map [Filebeat IIS] ECS",
                "uiStateJSON": "{}",
                "version": 1,
                "visState": "{\"aggs\": [{\"type\": \"count\", \"id\": \"1\", \"schema\": \"metric\", \"params\": {}, \"enabled\": true}, {\"type\": \"geohash_grid\", \"id\": \"2\", \"schema\": \"segment\", \"params\": {\"useGeocentroid\": true, \"precision\": 2, \"isFilteredByCollar\": true, \"field\": \"source.geo.location\", \"autoPrecision\": true}, \"enabled\": true}], \"type\": \"tile_map\", \"params\": {\"mapZoom\": 2, \"isDesaturated\": true, \"wms\": {\"options\": {\"transparent\": true, \"format\": \"image/png\"}, \"enabled\": false}, \"heatClusterSize\": 1.5, \"addTooltip\": true, \"mapCenter\": [0, 0], \"legendPosition\": \"bottomright\", \"mapType\": \"Scaled Circle Markers\"}, \"title\": \"Access map [Filebeat IIS] ECS\"}"
            },
            "id": "eb2db5b0-fe11-11e7-a3b0-d13028918f9f-ecs",
            "type": "visualization",
            "updated_at": "2018-01-20T18:44:17.162Z",
            "version": 1
        },
        {
            "attributes": {
                "description": "",
                "kibanaSavedObjectMeta": {
                    "searchSourceJSON": "{\"query\": {\"query\": \"\", \"language\": \"kuery\"}, \"index\": \"filebeat-*\", \"filter\": []}"
                },
                "title": "Response codes over time [Filebeat IIS] ECS",
                "uiStateJSON": "{}",
                "version": 1,
                "visState": "{\"aggs\": [{\"type\": \"count\", \"id\": \"1\", \"schema\": \"metric\", \"params\": {}, \"enabled\": true}, {\"type\": \"date_histogram\", \"id\": \"2\", \"schema\": \"segment\", \"params\": {\"customInterval\": \"2h\", \"interval\": \"auto\", \"min_doc_count\": 1, \"field\": \"@timestamp\", \"extended_bounds\": {}}, \"enabled\": true}, {\"type\": \"terms\", \"id\": \"3\", \"schema\": \"group\", \"params\": {\"order\": \"desc\", \"orderBy\": \"1\", \"field\": \"http.response.status_code\", \"size\": 5}, \"enabled\": true}], \"type\": \"histogram\", \"params\": {\"grid\": {\"style\": {\"color\": \"#eee\"}, \"categoryLines\": false}, \"valueAxes\": [{\"scale\": {\"mode\": \"normal\", \"type\": \"linear\"}, \"id\": \"ValueAxis-1\", \"position\": \"left\", \"style\": {}, \"show\": true, \"name\": \"LeftAxis-1\", \"labels\": {\"show\": true, \"truncate\": 100, \"rotate\": 0, \"filter\": false}, \"type\": \"value\", \"title\": {\"text\": \"Count\"}}], \"seriesParams\": [{\"valueAxis\": \"ValueAxis-1\", \"drawLinesBetweenPoints\": true, \"mode\": \"stacked\", \"showCircles\": true, \"show\": \"true\", \"data\": {\"id\": \"1\", \"label\": \"Count\"}, \"type\": \"histogram\"}], \"categoryAxes\": [{\"scale\": {\"type\": \"linear\"}, \"id\": \"CategoryAxis-1\", \"position\": \"bottom\", \"style\": {}, \"show\": true, \"labels\": {\"show\": true, \"truncate\": 100}, \"type\": \"category\", \"title\": {}}], \"addTooltip\": true, \"times\": [], \"addTimeMarker\": false, \"addLegend\": true, \"legendPosition\": \"right\", \"type\": \"histogram\"}, \"title\": \"Response codes over time [Filebeat IIS] ECS\"}"
            },
            "id": "f31414b0-fe14-11e7-a3b0-d13028918f9f-ecs",
            "type": "visualization",
            "updated_at": "2018-01-20T19:05:58.905Z",
            "version": 1
        },
        {
            "attributes": {
                "description": "",
                "kibanaSavedObjectMeta": {
                    "searchSourceJSON": "{\"query\": {\"query\": \"\", \"language\": \"kuery\"}, \"index\": \"filebeat-*\", \"filter\": []}"
                },
                "title": "Browsers breakdown [Filebeat IIS] ECS",
                "uiStateJSON": "{}",
                "version": 1,
                "visState": "{\"aggs\": [{\"type\": \"count\", \"id\": \"1\", \"schema\": \"metric\", \"params\": {}, \"enabled\": true}, {\"type\": \"terms\", \"id\": \"2\", \"schema\": \"segment\", \"params\": {\"order\": \"desc\", \"orderBy\": \"1\", \"field\": \"user_agent.name\", \"size\": 5}, \"enabled\": true}, {\"type\": \"terms\", \"id\": \"3\", \"schema\": \"segment\", \"params\": {\"order\": \"desc\", \"orderBy\": \"1\", \"field\": \"user_agent.version\", \"size\": 5}, \"enabled\": true}], \"type\": \"pie\", \"params\": {\"isDonut\": true, \"addLegend\": true, \"addTooltip\": true, \"legendPosition\": \"right\", \"type\": \"pie\", \"labels\": {\"show\": false, \"truncate\": 100, \"last_level\": true, \"values\": true}}, \"title\": \"Browsers breakdown [Filebeat IIS] ECS\"}"
            },
            "id": "63129c80-fe12-11e7-a3b0-d13028918f9f-ecs",
            "type": "visualization",
            "updated_at": "2018-01-20T18:47:38.312Z",
            "version": 1
        },
        {
            "attributes": {
                "description": "",
                "kibanaSavedObjectMeta": {
                    "searchSourceJSON": "{\"query\": {\"query\": \"\", \"language\": \"kuery\"}, \"index\": \"filebeat-*\", \"filter\": []}"
                },
                "title": "Operating systems breakdown [Filebeat IIS] ECS",
                "uiStateJSON": "{}",
                "version": 1,
                "visState": "{\"aggs\": [{\"type\": \"count\", \"id\": \"1\", \"schema\": \"metric\", \"params\": {}, \"enabled\": true}, {\"type\": \"terms\", \"id\": \"2\", \"schema\": \"segment\", \"params\": {\"order\": \"desc\", \"orderBy\": \"1\", \"field\": \"user_agent.os.name\", \"size\": 5}, \"enabled\": true}, {\"type\": \"terms\", \"id\": \"3\", \"schema\": \"segment\", \"params\": {\"order\": \"desc\", \"orderBy\": \"1\", \"field\": \"user_agent.os.version\", \"size\": 5}, \"enabled\": true}], \"type\": \"pie\", \"params\": {\"isDonut\": true, \"addLegend\": true, \"addTooltip\": true, \"legendPosition\": \"right\", \"type\": \"pie\", \"labels\": {\"show\": false, \"truncate\": 100, \"last_level\": true, \"values\": true}}, \"title\": \"Operating systems breakdown [Filebeat IIS] ECS\"}"
            },
            "id": "ccd3f9c0-fe12-11e7-a3b0-d13028918f9f-ecs",
            "type": "visualization",
            "updated_at": "2018-01-20T18:51:54.619Z",
            "version": 2
        },
        {
            "attributes": {
                "description": "",
                "kibanaSavedObjectMeta": {
                    "searchSourceJSON": "{\"query\": {\"query\": \"\", \"language\": \"kuery\"}, \"index\": \"filebeat-*\", \"filter\": []}"
                },
                "title": "Error logs over time [Filebeat IIS] ECS",
                "uiStateJSON": "{}",
                "version": 1,
                "visState": "{\"aggs\": [{\"type\": \"count\", \"id\": \"1\", \"schema\": \"metric\", \"params\": {}, \"enabled\": true}, {\"type\": \"date_histogram\", \"id\": \"2\", \"schema\": \"segment\", \"params\": {\"customInterval\": \"2h\", \"interval\": \"auto\", \"min_doc_count\": 1, \"field\": \"@timestamp\", \"extended_bounds\": {}}, \"enabled\": true}, {\"type\": \"terms\", \"id\": \"3\", \"schema\": \"group\", \"params\": {\"order\": \"desc\", \"orderBy\": \"1\", \"field\": \"http.response.status_code\", \"size\": 5}, \"enabled\": true}], \"type\": \"histogram\", \"params\": {\"grid\": {\"style\": {\"color\": \"#eee\"}, \"categoryLines\": false}, \"valueAxes\": [{\"scale\": {\"mode\": \"normal\", \"type\": \"linear\"}, \"id\": \"ValueAxis-1\", \"position\": \"left\", \"style\": {}, \"show\": true, \"name\": \"LeftAxis-1\", \"labels\": {\"show\": true, \"truncate\": 100, \"rotate\": 0, \"filter\": false}, \"type\": \"value\", \"title\": {\"text\": \"Count\"}}], \"seriesParams\": [{\"valueAxis\": \"ValueAxis-1\", \"drawLinesBetweenPoints\": true, \"mode\": \"stacked\", \"showCircles\": true, \"show\": \"true\", \"data\": {\"id\": \"1\", \"label\": \"Count\"}, \"type\": \"histogram\"}], \"categoryAxes\": [{\"scale\": {\"type\": \"linear\"}, \"id\": \"CategoryAxis-1\", \"position\": \"bottom\", \"style\": {}, \"show\": true, \"labels\": {\"show\": true, \"truncate\": 100}, \"type\": \"category\", \"title\": {}}], \"addTooltip\": true, \"times\": [], \"addTimeMarker\": false, \"addLegend\": true, \"legendPosition\": \"right\", \"type\": \"histogram\"}, \"title\": \"Error logs over time [Filebeat IIS] ECS\"}"
            },
            "id": "41f38230-fe17-11e7-a3b0-d13028918f9f-ecs",
            "type": "visualization",
            "updated_at": "2018-01-20T19:22:30.227Z",
            "version": 1
        },
        {
            "attributes": {
                "description": "",
                "kibanaSavedObjectMeta": {
                    "searchSourceJSON": "{\"query\": {\"query\": \"\", \"language\": \"kuery\"}, \"index\": \"filebeat-*\", \"filter\": []}"
                },
                "title": "Top URLs by response code [Filebeat IIS] ECS",
                "uiStateJSON": "{}",
                "version": 1,
                "visState": "{\"aggs\": [{\"type\": \"count\", \"id\": \"1\", \"schema\": \"metric\", \"params\": {}, \"enabled\": true}, {\"type\": \"terms\", \"id\": \"2\", \"schema\": \"split\", \"params\": {\"size\": 5, \"customLabel\": \"URL\", \"order\": \"desc\", \"row\": false, \"orderBy\": \"1\", \"field\": \"url.path\"}, \"enabled\": true}, {\"type\": \"terms\", \"id\": \"3\", \"schema\": \"segment\", \"params\": {\"order\": \"desc\", \"orderBy\": \"1\", \"field\": \"http.response.status_code\", \"size\": 5}, \"enabled\": true}], \"type\": \"pie\", \"params\": {\"isDonut\": false, \"addLegend\": true, \"addTooltip\": true, \"legendPosition\": \"right\", \"type\": \"pie\", \"labels\": {\"show\": false, \"truncate\": 100, \"last_level\": true, \"values\": true}}, \"title\": \"Top URLs by response code [Filebeat IIS] ECS\"}"
            },
            "id": "c0d02cd0-fe1b-11e7-a3b0-d13028918f9f-ecs",
            "type": "visualization",
            "updated_at": "2018-01-20T19:58:24.005Z",
            "version": 2
        },
        {
            "attributes": {
                "description": "Dashboard for the Filebeat IIS module",
                "hits": 0,
                "kibanaSavedObjectMeta": {
                    "searchSourceJSON": "{\"query\": {\"query\": \"\", \"language\": \"kuery\"}, \"filter\": [], \"highlightAll\": true, \"version\": true}"
                },
                "optionsJSON": "{\"darkTheme\": false, \"useMargins\": true, \"hidePanelTitles\": false}",
                "panelsJSON": "[{\"version\": \"6.1.2\", \"id\": \"eb2db5b0-fe11-11e7-a3b0-d13028918f9f-ecs\", \"gridData\": {\"y\": 0, \"w\": 12, \"i\": \"1\", \"x\": 0, \"h\": 3}, \"panelIndex\": \"1\", \"type\": \"visualization\"}, {\"version\": \"6.1.2\", \"id\": \"f31414b0-fe14-11e7-a3b0-d13028918f9f-ecs\", \"gridData\": {\"y\": 3, \"w\": 7, \"i\": \"2\", \"x\": 0, \"h\": 3}, \"panelIndex\": \"2\", \"type\": \"visualization\"}, {\"version\": \"6.1.2\", \"id\": \"63129c80-fe12-11e7-a3b0-d13028918f9f-ecs\", \"gridData\": {\"y\": 9, \"w\": 6, \"i\": \"4\", \"x\": 0, \"h\": 3}, \"panelIndex\": \"4\", \"type\": \"visualization\"}, {\"version\": \"6.1.2\", \"id\": \"ccd3f9c0-fe12-11e7-a3b0-d13028918f9f-ecs\", \"gridData\": {\"y\": 9, \"w\": 6, \"i\": \"5\", \"x\": 6, \"h\": 3}, \"panelIndex\": \"5\", \"type\": \"visualization\"}, {\"version\": \"6.1.2\", \"id\": \"41f38230-fe17-11e7-a3b0-d13028918f9f-ecs\", \"gridData\": {\"y\": 3, \"w\": 5, \"i\": \"6\", \"x\": 7, \"h\": 3}, \"panelIndex\": \"6\", \"type\": \"visualization\"}, {\"version\": \"6.1.2\", \"id\": \"c0d02cd0-fe1b-11e7-a3b0-d13028918f9f-ecs\", \"gridData\": {\"y\": 6, \"w\": 12, \"i\": \"7\", \"x\": 0, \"h\": 3}, \"panelIndex\": \"7\", \"type\": \"visualization\"}]",
                "timeRestore": false,
                "title": "[Filebeat IIS] Access and error logs ECS",
                "uiStateJSON": "{}",
                "version": 1
            },
            "id": "4278ad30-fe16-11e7-a3b0-d13028918f9f-ecs",
            "type": "dashboard",
            "updated_at": "2018-01-20T19:57:50.287Z",
            "version": 4
        }
    ],
    "version": "6.1.2"
}