{
    "objects": [
        {
            "attributes": {
                "description": "",
                "kibanaSavedObjectMeta": {
                    "searchSourceJSON": "{}"
                },
                "title": "Info OSSEC rootkit [Filebeat Osquery] ECS",
                "uiStateJSON": "{}",
                "version": 1,
                "visState": "{\"aggs\": [], \"type\": \"markdown\", \"params\": {\"fontSize\": 12, \"markdown\": \"This dashboard shows data collected by the ossec-rootkit pack from osquery.\"}, \"title\": \"Info OSSEC rootkit [Filebeat Osquery] ECS\"}"
            },
            "id": "6ec10290-f4aa-11e7-8647-534bb4c21040-ecs",
            "type": "visualization",
            "updated_at": "2018-01-08T19:30:49.785Z",
            "version": 1
        },
        {
            "attributes": {
                "description": "",
                "kibanaSavedObjectMeta": {
                    "searchSourceJSON": "{\"query\": {\"query\": \"\", \"language\": \"kuery\"}, \"filter\": []}"
                },
                "savedSearchId": "0fe5dc00-f49b-11e7-8647-534bb4c21040-ecs",
                "title": "Number of rootkits found [Filebeat Osquery] ECS",
                "uiStateJSON": "{}",
                "version": 1,
                "visState": "{\"aggs\": [{\"type\": \"cardinality\", \"id\": \"1\", \"schema\": \"metric\", \"params\": {\"customLabel\": \"Rootkits\", \"field\": \"osquery.result.name\"}, \"enabled\": true}], \"type\": \"metric\", \"params\": {\"addTooltip\": true, \"metric\": {\"metricColorMode\": \"None\", \"percentageMode\": false, \"useRanges\": false, \"style\": {\"fontSize\": 40, \"subText\": \"\", \"labelColor\": false, \"bgFill\": \"#000\", \"bgColor\": false}, \"invertColors\": false, \"colorSchema\": \"Green to Red\", \"labels\": {\"show\": true}, \"colorsRange\": [{\"from\": 0, \"to\": 10000}]}, \"addLegend\": false, \"type\": \"metric\"}, \"title\": \"Number of rootkits found [Filebeat Osquery] ECS\"}"
            },
            "id": "ffdbba50-f4a9-11e7-8647-534bb4c21040-ecs",
            "type": "visualization",
            "updated_at": "2018-01-08T19:40:05.060Z",
            "version": 3
        },
        {
            "attributes": {
                "description": "",
                "kibanaSavedObjectMeta": {
                    "searchSourceJSON": "{\"query\": {\"query\": \"\", \"language\": \"kuery\"}, \"filter\": []}"
                },
                "savedSearchId": "0fe5dc00-f49b-11e7-8647-534bb4c21040-ecs",
                "title": "Number of hosts infected [Filebeat Osquery] ECS",
                "uiStateJSON": "{}",
                "version": 1,
                "visState": "{\"aggs\": [{\"type\": \"cardinality\", \"id\": \"1\", \"schema\": \"metric\", \"params\": {\"customLabel\": \"Hosts\", \"field\": \"agent.hostname\"}, \"enabled\": true}], \"type\": \"metric\", \"params\": {\"addTooltip\": true, \"metric\": {\"metricColorMode\": \"None\", \"percentageMode\": false, \"useRanges\": false, \"style\": {\"fontSize\": 40, \"subText\": \"\", \"labelColor\": false, \"bgFill\": \"#000\", \"bgColor\": false}, \"invertColors\": false, \"colorSchema\": \"Green to Red\", \"labels\": {\"show\": true}, \"colorsRange\": [{\"from\": 0, \"to\": 10000}]}, \"addLegend\": false, \"type\": \"metric\"}, \"title\": \"Number of hosts infected [Filebeat Osquery] ECS\"}"
            },
            "id": "ab587180-f4a9-11e7-8647-534bb4c21040-ecs",
            "type": "visualization",
            "updated_at": "2018-01-08T19:39:45.085Z",
            "version": 2
        },
        {
            "attributes": {
                "description": "",
                "kibanaSavedObjectMeta": {
                    "searchSourceJSON": "{}"
                },
                "title": "Navigation [Filebeat Osquery] ECS",
                "uiStateJSON": "{}",
                "version": 1,
                "visState": "{\"aggs\": [], \"type\": \"markdown\", \"params\": {\"fontSize\": 10, \"markdown\": \"[Compilance](#/dashboard/69f5ae20-eb02-11e7-8f04-51231daa5b05-ecs) | [OSSEC Rootkit](#/dashboard/c0a7ce90-f4aa-11e7-8647-534bb4c21040-ecs)\"}, \"title\": \"Navigation [Filebeat Osquery] ECS\"}"
            },
            "id": "2d6e0760-f4ab-11e7-8647-534bb4c21040-ecs",
            "type": "visualization",
            "updated_at": "2018-01-08T19:41:10.264Z",
            "version": 3
        },
        {
            "attributes": {
                "columns": [
                    "osquery.result.name",
                    "osquery.result.columns.path",
                    "agent.hostname"
                ],
                "description": "",
                "hits": 0,
                "kibanaSavedObjectMeta": {
                    "searchSourceJSON": "{\"query\": {\"query\": \"\", \"language\": \"kuery\"}, \"index\": \"filebeat-*\", \"filter\": [{\"query\": {\"prefix\": {\"osquery.result.name\": \"pack_ossec-rootkit\"}}, \"meta\": {\"disabled\": false, \"value\": \"{\\\"prefix\\\":{\\\"osquery.result.name\\\":\\\"pack_ossec-rootkit\\\"}}\", \"negate\": false, \"key\": \"query\", \"index\": \"filebeat-*\", \"type\": \"custom\", \"alias\": null}, \"$state\": {\"store\": \"appState\"}}, {\"query\": {\"match\": {\"event.module\": {\"query\": \"osquery\", \"type\": \"phrase\"}}}, \"meta\": {\"disabled\": false, \"value\": \"osquery\", \"negate\": false, \"params\": {\"query\": \"osquery\", \"type\": \"phrase\"}, \"key\": \"event.module\", \"index\": \"filebeat-*\", \"type\": \"phrase\", \"alias\": null}, \"$state\": {\"store\": \"appState\"}}, {\"query\": {\"match\": {\"fileset.name\": {\"query\": \"result\", \"type\": \"phrase\"}}}, \"meta\": {\"disabled\": false, \"value\": \"result\", \"negate\": false, \"params\": {\"query\": \"result\", \"type\": \"phrase\"}, \"key\": \"fileset.name\", \"index\": \"filebeat-*\", \"type\": \"phrase\", \"alias\": null}, \"$state\": {\"store\": \"appState\"}}], \"highlightAll\": true, \"version\": true}"
                },
                "sort": [
                    "@timestamp",
                    "desc"
                ],
                "title": "OSSEC Rootkits [Filebeat Osquery] ECS",
                "version": 1
            },
            "id": "0fe5dc00-f49b-11e7-8647-534bb4c21040-ecs",
            "type": "search",
            "updated_at": "2018-01-08T19:38:24.483Z",
            "version": 2
        },
        {
            "attributes": {
                "description": "This dashboard shows data collected by the OSSEC rootkit pack from osquery",
                "hits": 0,
                "kibanaSavedObjectMeta": {
                    "searchSourceJSON": "{\"query\": {\"query\": \"\", \"language\": \"kuery\"}, \"filter\": [], \"highlightAll\": true, \"version\": true}"
                },
                "optionsJSON": "{\"darkTheme\": false, \"useMargins\": true, \"hidePanelTitles\": false}",
                "panelsJSON": "[{\"version\": \"6.1.0-SNAPSHOT\", \"id\": \"6ec10290-f4aa-11e7-8647-534bb4c21040-ecs\", \"gridData\": {\"y\": 1, \"w\": 4, \"i\": \"1\", \"x\": 8, \"h\": 2}, \"panelIndex\": \"1\", \"type\": \"visualization\"}, {\"version\": \"6.1.0-SNAPSHOT\", \"id\": \"ffdbba50-f4a9-11e7-8647-534bb4c21040-ecs\", \"gridData\": {\"y\": 1, \"w\": 4, \"i\": \"2\", \"x\": 4, \"h\": 2}, \"panelIndex\": \"2\", \"type\": \"visualization\"}, {\"version\": \"6.1.0-SNAPSHOT\", \"id\": \"ab587180-f4a9-11e7-8647-534bb4c21040-ecs\", \"gridData\": {\"y\": 1, \"w\": 4, \"i\": \"3\", \"x\": 0, \"h\": 2}, \"panelIndex\": \"3\", \"type\": \"visualization\"}, {\"version\": \"6.1.0-SNAPSHOT\", \"id\": \"2d6e0760-f4ab-11e7-8647-534bb4c21040-ecs\", \"gridData\": {\"y\": 0, \"w\": 12, \"i\": \"4\", \"x\": 0, \"h\": 1}, \"panelIndex\": \"4\", \"type\": \"visualization\"}, {\"version\": \"6.1.0-SNAPSHOT\", \"id\": \"0fe5dc00-f49b-11e7-8647-534bb4c21040-ecs\", \"gridData\": {\"y\": 3, \"w\": 12, \"i\": \"5\", \"x\": 0, \"h\": 4}, \"panelIndex\": \"5\", \"type\": \"search\"}]",
                "timeRestore": false,
                "title": "[Filebeat Osquery] OSSEC rootkit pack ECS",
                "uiStateJSON": "{}",
                "version": 1
            },
            "id": "c0a7ce90-f4aa-11e7-8647-534bb4c21040-ecs",
            "type": "dashboard",
            "updated_at": "2018-01-08T19:40:16.304Z",
            "version": 6
        }
    ],
    "version": "6.1.0-SNAPSHOT"
}