{
    "objects": [
        {
            "attributes": {
                "description": "",
                "kibanaSavedObjectMeta": {
                    "searchSourceJSON": "{\"filter\": []}"
                },
                "savedSearchId": "PostgreSQL All Logs-ecs",
                "title": "Log Level Count [Filebeat PostgreSQL] ECS",
                "uiStateJSON": "{\"vis\": {\"params\": {\"sort\": {\"columnIndex\": null, \"direction\": null}}}}",
                "version": 1,
                "visState": "{\"aggs\": [{\"type\": \"count\", \"id\": \"1\", \"schema\": \"metric\", \"params\": {}, \"enabled\": true}, {\"type\": \"terms\", \"id\": \"2\", \"schema\": \"bucket\", \"params\": {\"order\": \"desc\", \"orderBy\": \"1\", \"field\": \"log.level\", \"size\": 12}, \"enabled\": true}], \"type\": \"table\", \"params\": {\"sort\": {\"columnIndex\": null, \"direction\": null}, \"showMeticsAtAllLevels\": false, \"showTotal\": false, \"totalFunc\": \"sum\", \"showPartialRows\": false, \"perPage\": 10}, \"title\": \"Log Level Count [Filebeat PostgreSQL] ECS\"}"
            },
            "id": "PostgreSQL Log Level Count-ecs",
            "type": "visualization",
            "version": 2
        },
        {
            "attributes": {
                "columns": [
                    "user.name",
                    "postgresql.log.database",
                    "log.level",
                    "message",
                    "postgresql.log.query"
                ],
                "description": "",
                "hits": 0,
                "kibanaSavedObjectMeta": {
                    "searchSourceJSON": "{\"query\": {\"query\": \"\", \"language\": \"kuery\"}, \"index\": \"filebeat-*\", \"filter\": [{\"query\": {\"match\": {\"event.module\": {\"query\": \"postgresql\", \"type\": \"phrase\"}}}, \"meta\": {\"disabled\": false, \"value\": \"postgresql\", \"negate\": false, \"params\": {\"query\": \"postgresql\", \"type\": \"phrase\"}, \"key\": \"event.module\", \"index\": \"filebeat-*\", \"type\": \"phrase\", \"alias\": null}, \"$state\": {\"store\": \"appState\"}}], \"highlightAll\": true, \"version\": true}"
                },
                "sort": [
                    "@timestamp",
                    "desc"
                ],
                "title": "All Logs [Filebeat PostgreSQL] ECS",
                "version": 1
            },
            "id": "PostgreSQL All Logs-ecs",
            "type": "search",
            "version": 1
        },
        {
            "attributes": {
                "description": "",
                "kibanaSavedObjectMeta": {
                    "searchSourceJSON": "{\"filter\": []}"
                },
                "savedSearchId": "PostgreSQL All Logs-ecs",
                "title": "Logs by level over time [Filebeat PostgreSQL] ECS",
                "uiStateJSON": "{}",
                "version": 1,
                "visState": "{\"aggs\": [{\"type\": \"count\", \"id\": \"1\", \"schema\": \"metric\", \"params\": {}, \"enabled\": true}, {\"type\": \"date_histogram\", \"id\": \"2\", \"schema\": \"segment\", \"params\": {\"customInterval\": \"2h\", \"interval\": \"auto\", \"min_doc_count\": 1, \"field\": \"@timestamp\", \"extended_bounds\": {}}, \"enabled\": true}, {\"type\": \"terms\", \"id\": \"3\", \"schema\": \"group\", \"params\": {\"order\": \"desc\", \"orderBy\": \"1\", \"field\": \"log.level\", \"size\": 5}, \"enabled\": true}], \"type\": \"histogram\", \"params\": {\"grid\": {\"style\": {\"color\": \"#eee\"}, \"categoryLines\": false}, \"valueAxes\": [{\"scale\": {\"mode\": \"normal\", \"type\": \"linear\"}, \"id\": \"ValueAxis-1\", \"position\": \"left\", \"style\": {}, \"show\": true, \"name\": \"LeftAxis-1\", \"labels\": {\"show\": true, \"truncate\": 100, \"rotate\": 0, \"filter\": false}, \"type\": \"value\", \"title\": {\"text\": \"Count\"}}], \"seriesParams\": [{\"valueAxis\": \"ValueAxis-1\", \"drawLinesBetweenPoints\": true, \"mode\": \"stacked\", \"showCircles\": true, \"show\": \"true\", \"data\": {\"id\": \"1\", \"label\": \"Count\"}, \"type\": \"histogram\"}], \"categoryAxes\": [{\"scale\": {\"type\": \"linear\"}, \"id\": \"CategoryAxis-1\", \"position\": \"bottom\", \"style\": {}, \"show\": true, \"labels\": {\"show\": true, \"truncate\": 100}, \"type\": \"category\", \"title\": {\"text\": \"@timestamp per month\"}}], \"addTooltip\": true, \"times\": [], \"addTimeMarker\": false, \"addLegend\": true, \"legendPosition\": \"right\", \"type\": \"histogram\"}, \"title\": \"Logs by level over time [Filebeat PostgreSQL] ECS\"}"
            },
            "id": "3dbd5370-87f3-11e7-ad9c-db80de0bf8d3-ecs",
            "type": "visualization",
            "version": 1
        },
        {
            "attributes": {
                "description": "Overview dashboard for the Filebeat PostgreSQL module",
                "hits": 0,
                "kibanaSavedObjectMeta": {
                    "searchSourceJSON": "{\"query\": {\"query\": \"\", \"language\": \"kuery\"}, \"filter\": [], \"highlightAll\": true, \"version\": true}"
                },
                "optionsJSON": "{\"darkTheme\": false}",
                "panelsJSON": "[{\"size_x\": 3, \"id\": \"PostgreSQL Log Level Count-ecs\", \"col\": 1, \"row\": 1, \"size_y\": 3, \"panelIndex\": 1, \"type\": \"visualization\"}, {\"sort\": [\"@timestamp\", \"desc\"], \"size_x\": 12, \"id\": \"PostgreSQL All Logs-ecs\", \"col\": 1, \"row\": 4, \"columns\": [\"user.name\", \"postgresql.log.database\", \"log.level\", \"message\", \"postgresql.log.query\"], \"size_y\": 6, \"panelIndex\": 2, \"type\": \"search\"}, {\"size_x\": 9, \"id\": \"3dbd5370-87f3-11e7-ad9c-db80de0bf8d3-ecs\", \"col\": 4, \"row\": 1, \"size_y\": 3, \"panelIndex\": 3, \"type\": \"visualization\"}]",
                "timeRestore": false,
                "title": "[Filebeat PostgreSQL] Overview ECS",
                "uiStateJSON": "{\"P-1\": {\"vis\": {\"params\": {\"sort\": {\"columnIndex\": null, \"direction\": null}}}}}",
                "version": 1
            },
            "id": "158be870-87f4-11e7-ad9c-db80de0bf8d3-ecs",
            "type": "dashboard",
            "version": 1
        }
    ],
    "version": "6.0.0-beta1-SNAPSHOT"
}