{
    "objects": [
        {
            "attributes": {
                "description": "",
                "kibanaSavedObjectMeta": {
                    "searchSourceJSON": "{\"filter\": []}"
                },
                "savedSearchId": "b6f321e0-fa25-11e6-bbd3-29c986c96e5a-ecs",
                "title": "Sudo commands by user [Filebeat System] ECS",
                "uiStateJSON": "{}",
                "version": 1,
                "visState": "{\"aggs\": [{\"type\": \"count\", \"id\": \"1\", \"schema\": \"metric\", \"params\": {}, \"enabled\": true}, {\"type\": \"date_histogram\", \"id\": \"2\", \"schema\": \"segment\", \"params\": {\"customInterval\": \"2h\", \"interval\": \"auto\", \"min_doc_count\": 1, \"field\": \"@timestamp\", \"extended_bounds\": {}}, \"enabled\": true}, {\"type\": \"terms\", \"id\": \"3\", \"schema\": \"group\", \"params\": {\"order\": \"desc\", \"orderBy\": \"1\", \"field\": \"user.name\", \"size\": 5}, \"enabled\": true}], \"listeners\": {}, \"type\": \"histogram\", \"params\": {\"mode\": \"stacked\", \"defaultYExtents\": false, \"addLegend\": true, \"addTimeMarker\": false, \"times\": [], \"addTooltip\": true, \"setYExtents\": false, \"legendPosition\": \"right\", \"scale\": \"linear\"}, \"title\": \"Sudo commands by user ECS\"}"
            },
            "id": "5c7af030-fa2a-11e6-bbd3-29c986c96e5a-ecs",
            "type": "visualization",
            "version": 2
        },
        {
            "attributes": {
                "description": "",
                "kibanaSavedObjectMeta": {
                    "searchSourceJSON": "{\"query\": {\"query\": \"system.auth.sudo.error:*\", \"language\": \"kuery\"}, \"index\": \"filebeat-*\", \"filter\": [], \"highlightAll\": true}"
                },
                "title": "Sudo errors [Filebeat System] ECS",
                "uiStateJSON": "{}",
                "version": 1,
                "visState": "{\"aggs\": [{\"type\": \"count\", \"id\": \"1\", \"schema\": \"metric\", \"params\": {}, \"enabled\": true}, {\"type\": \"date_histogram\", \"id\": \"2\", \"schema\": \"segment\", \"params\": {\"customInterval\": \"2h\", \"interval\": \"auto\", \"min_doc_count\": 1, \"field\": \"@timestamp\", \"extended_bounds\": {}}, \"enabled\": true}, {\"type\": \"terms\", \"id\": \"3\", \"schema\": \"group\", \"params\": {\"order\": \"desc\", \"orderBy\": \"1\", \"field\": \"system.auth.sudo.error\", \"size\": 5}, \"enabled\": true}], \"listeners\": {}, \"type\": \"histogram\", \"params\": {\"mode\": \"stacked\", \"defaultYExtents\": false, \"addLegend\": true, \"addTimeMarker\": false, \"times\": [], \"addTooltip\": true, \"setYExtents\": false, \"legendPosition\": \"right\", \"scale\": \"linear\"}, \"title\": \"Sudo errors ECS\"}"
            },
            "id": "51164310-fa2b-11e6-bbd3-29c986c96e5a-ecs",
            "type": "visualization",
            "version": 2
        },
        {
            "attributes": {
                "description": "",
                "kibanaSavedObjectMeta": {
                    "searchSourceJSON": "{\"filter\": []}"
                },
                "savedSearchId": "b6f321e0-fa25-11e6-bbd3-29c986c96e5a-ecs",
                "title": "Top sudo commands [Filebeat System] ECS",
                "uiStateJSON": "{\"vis\": {\"params\": {\"sort\": {\"columnIndex\": null, \"direction\": null}}}}",
                "version": 1,
                "visState": "{\"aggs\": [{\"type\": \"count\", \"id\": \"1\", \"schema\": \"metric\", \"params\": {}, \"enabled\": true}, {\"type\": \"terms\", \"id\": \"2\", \"schema\": \"bucket\", \"params\": {\"order\": \"desc\", \"orderBy\": \"1\", \"field\": \"system.auth.sudo.command\", \"size\": 5}, \"enabled\": true}, {\"type\": \"terms\", \"id\": \"3\", \"schema\": \"bucket\", \"params\": {\"order\": \"desc\", \"orderBy\": \"1\", \"field\": \"user.name\", \"size\": 5}, \"enabled\": true}], \"listeners\": {}, \"type\": \"table\", \"params\": {\"sort\": {\"columnIndex\": null, \"direction\": null}, \"showMeticsAtAllLevels\": false, \"showTotal\": false, \"totalFunc\": \"sum\", \"showPartialRows\": false, \"perPage\": 10}, \"title\": \"Top sudo commands ECS\"}"
            },
            "id": "dc589770-fa2b-11e6-bbd3-29c986c96e5a-ecs",
            "type": "visualization",
            "version": 2
        },
        {
            "attributes": {
                "description": "",
                "kibanaSavedObjectMeta": {
                    "searchSourceJSON": "{}"
                },
                "title": "Dashboards [Filebeat System] ECS",
                "uiStateJSON": "{}",
                "version": 1,
                "visState": "{\"aggs\": [], \"type\": \"markdown\", \"params\": {\"fontSize\": 12, \"markdown\": \"[Syslog](#/dashboard/Filebeat-syslog-dashboard-ecs) | [Sudo commands](#/dashboard/277876d0-fa2c-11e6-bbd3-29c986c96e5a-ecs) | [SSH logins](#/dashboard/5517a150-f9ce-11e6-8115-a7c18106d86a-ecs) | [New users and groups](#/dashboard/0d3f2380-fa78-11e6-ae9b-81e5311e8cab-ecs)\"}, \"title\": \"Dashboards [Filebeat System] ECS\"}"
            },
            "id": "327417e0-8462-11e7-bab8-bd2f0fb42c54-ecs",
            "type": "visualization",
            "version": 1
        },
        {
            "attributes": {
                "columns": [
                    "user.name",
                    "system.auth.sudo.user",
                    "system.auth.sudo.pwd",
                    "system.auth.sudo.command"
                ],
                "description": "",
                "hits": 0,
                "kibanaSavedObjectMeta": {
                    "searchSourceJSON": "{\"query\": {\"query\": \"system.auth.sudo:*\", \"language\": \"kuery\"}, \"index\": \"filebeat-*\", \"filter\": [], \"highlightAll\": true}"
                },
                "sort": [
                    "@timestamp",
                    "desc"
                ],
                "title": "Sudo commands [Filebeat System] ECS",
                "version": 1
            },
            "id": "b6f321e0-fa25-11e6-bbd3-29c986c96e5a-ecs",
            "type": "search",
            "version": 2
        },
        {
            "attributes": {
                "description": "Sudo commands dashboard from the Filebeat System module",
                "hits": 0,
                "kibanaSavedObjectMeta": {
                    "searchSourceJSON": "{\"query\": {\"query\": \"\", \"language\": \"kuery\"}, \"filter\": [], \"highlightAll\": true, \"version\": true}"
                },
                "optionsJSON": "{\"darkTheme\": false}",
                "panelsJSON": "[{\"size_x\": 12, \"id\": \"5c7af030-fa2a-11e6-bbd3-29c986c96e5a-ecs\", \"col\": 1, \"row\": 6, \"size_y\": 4, \"panelIndex\": 1, \"type\": \"visualization\"}, {\"size_x\": 12, \"id\": \"51164310-fa2b-11e6-bbd3-29c986c96e5a-ecs\", \"col\": 1, \"row\": 10, \"size_y\": 3, \"panelIndex\": 2, \"type\": \"visualization\"}, {\"size_x\": 12, \"id\": \"dc589770-fa2b-11e6-bbd3-29c986c96e5a-ecs\", \"col\": 1, \"row\": 2, \"size_y\": 4, \"panelIndex\": 3, \"type\": \"visualization\"}, {\"size_x\": 12, \"id\": \"327417e0-8462-11e7-bab8-bd2f0fb42c54-ecs\", \"col\": 1, \"row\": 1, \"size_y\": 1, \"panelIndex\": 4, \"type\": \"visualization\"}]",
                "timeRestore": false,
                "title": "[Filebeat System] Sudo commands ECS",
                "uiStateJSON": "{\"P-3\": {\"vis\": {\"params\": {\"sort\": {\"columnIndex\": null, \"direction\": null}}}}}",
                "version": 1
            },
            "id": "277876d0-fa2c-11e6-bbd3-29c986c96e5a-ecs",
            "type": "dashboard",
            "version": 6
        }
    ],
    "version": "6.0.0-beta1-SNAPSHOT"
}